Place ID,Name,Latitude,Longitude,Address,Rating,Ratings count,Price range
ChIJnb2_eNg57YcRZ_OqRx2zcEg,Subway,42.0812982,-94.89361090000001,"34J4+GH Carroll, IA, USA",3.8,14,1
ChIJnVD2eOs57YcRzTOwU9N0KWE,Subway,42.0634256,-94.84712599999999,"3573+94 Carroll, IA, USA",4.1,88,1
ChIJ0fvPeSjR7IcRgZ3zVYWK3OQ,Subway,41.7262569,-94.93674689999999,"P3G7+G8 Audubon, IA, USA",3.9,35,1
ChIJ9U6Rbkgjk4cRnY9N3xI9dJg,Subway,41.6462958,-95.32964319999999,"JMWC+G4 Harlan, IA, USA",4.2,135,1
ChIJxchYJPCz7IcRVjTK7dwdR08,Subway,41.4035505,-94.98883389999999,"C236+CF Atlantic, IA, USA",4.2,77,1
ChIJ89fNBRM_k4cRf8IVTgwUCuM,Subway,41.5000523,-95.3374479,"GM27+22 Avoca, IA, USA",4.0,173,1
ChIJ8-l65knCkocRAFweRgPKsMw,Subway,42.0121665,-95.358103,"2J6R+VQ Denison, IA, USA",4.5,129,1
ChIJOZ13sfqz7IcRhu7-Oe7VSeE,Subway,41.401627,-94.98601629999999,"C227+MH Atlantic, IA, USA",3.5,24,1
ChIJM5dEAXT67IcRs8vb_HJ2tIs,PrimeTime,41.6773827,-94.50472409999999,"MFGW+X4 Guthrie Center, IA, USA",4.6,178,2
ChIJmTs32knTkocRi3jd83QKHY4,Casey's,41.9068603,-95.0668563,"WW4M+P7 Manning, IA, USA",4.1,22,1
ChIJoVpVJpM57YcRNwyWaBK6i6E,Culver's,42.0665206,-94.8719797,"348H+J6 Carroll, IA, USA",4.4,582,1
ChIJWWkmrE8jk4cRbJSvX_pVlyU,Casey's,41.6459824,-95.32290909999999,"JMWG+9R Harlan, IA, USA",3.7,53,1
ChIJwYB3xU4jk4cRPiSgYPvQCgc,Dairy Queen Store,41.64425200000001,-95.3252387,"JMVF+PW Harlan, IA, USA",3.9,96,1
ChIJF90xJ5A57YcRyQeT2CW4F94,Queen Beans Coffeehouse,42.0644736,-94.864182,"347P+Q8 Carroll, IA, USA",4.5,129,2
ChIJK7XO7zojk4cRY6YW-KK0M80,Taylor Quik Pik,41.6472401,-95.3399675,"JMW6+V2 Harlan, IA, USA",4.0,5,2
ChIJJ4ZddEIjk4cRAGvcWj8hAas,Milk & Honey | breakfast & lunch,41.6575333,-95.31909669999999,"MM5J+29 Harlan, IA, USA",4.6,234,1
ChIJl2D9spo57YcRBBYJKy3Ha_I,Jimmy John's,42.0644825,-94.8617417,"347Q+Q8 Carroll, IA, USA",4.2,78,1
ChIJa9olrkq9w4kRwzk49s4zSnY,The Bernards Inn,40.7179823,-74.5704238,"PC9H+5R Bernardsville, NJ, USA",4.4,347,3
ChIJ2ckoz8C7w4kRDAjhrIH3LOQ,Stone House at Stirling Ridge Restaurant and Events,40.6432543,-74.4710362,"JGVH+8H Warren, NJ, USA",4.5,876,3
ChIJFxC6emkHw4kRpBJmGqzTVU4,Bonefish Grill,40.85907359999999,-74.3390045,"VM56+J9 Pine Brook, Montville, NJ, USA",4.3,748,2
ChIJhU8Gqb2mw4kRlkMW6Mc5fo8,Grasshopper off the Green,40.7971935,-74.4784293,"QGWC+VJ Morristown, NJ, USA",4.2,768,2
ChIJR_FS3BqXw4kR7HZEkJw085Q,Ninety Acres,40.6984182,-74.65376119999999,"M8XW+9F Peapack, NJ, USA",4.6,665,4
ChIJc4xs6-O9w4kRQ6LSfZzfFSc,Trattoria Bolu,40.64414929999999,-74.5772827,"JCVF+M3 Basking Ridge, NJ, USA",4.3,212,2
ChIJ51Ojil6qw4kR7JzeGCKu0WI,Highlawn Pavilion,40.8043243,-74.237454,"RQ37+P2 West Orange, NJ, USA",4.6,784,3
ChIJ3dh_VfcKw4kR3lrLsxKB7tY,Popeyes Louisiana Kitchen,40.9070752,-74.5534227,"WC4W+RJ Rockaway, NJ, USA",3.7,144,1
ChIJz6uaNLGvw4kRy1bDyXsNiFY,The HAT Tavern,40.715,-74.3672222,"PJ8M+24 Summit, NJ, USA",4.0,234,2
ChIJDx118-O9w4kRGm48KPnqNtY,Panera Bread,40.64466499999999,-74.5770376,"JCVF+V5 Basking Ridge, NJ, USA",4.2,623,2
ChIJHftI9talw4kRrc8OXSci0MY,Rod's Steak & Seafood Grille,40.7773604,-74.4453893,"QHG3+WR Morristown, NJ, USA",4.4,589,3
ChIJgT4iM4CWw4kRj45X8WY1IM8,The Pluckemin Inn,40.6497481,-74.6435715,"J9X4+VH Bedminster, NJ, USA",4.6,388,3
ChIJO1hNHqf6NVMRquJHk2GwOZU,Subway,44.78743909999999,-106.9439581,"Q3P4+XC Sheridan, WY, USA",4.0,167,1
ChIJ5dgNfr76NVMROinyMQiEfeg,Frackelton's,44.79805500000001,-106.955661,"Q2XV+6P Sheridan, WY, USA",4.5,517,2
ChIJW6SoMhPwNVMRvfzdUGB0XuU,Starbucks,44.773375,-106.943095,"Q3F4+8Q Sheridan, WY, USA",4.0,363,2
ChIJy2jbNwzwNVMR4yO-a0aD3eU,Arby's,44.7788866,-106.9419953,"Q3H5+H6 Sheridan, WY, USA",3.7,306,1
ChIJ96kjhQnwNVMRiXM-pd9I5xU,Perkins Restaurant & Bakery,44.7834211,-106.9419526,"Q3M5+96 Sheridan, WY, USA",4.0,959,2
ChIJd7nohgnwNVMRZIgTa3P2Mng,Bagels & Beyond,44.7832719,-106.9428203,"Q3M4+8V Sheridan, WY, USA",4.6,284,1
ChIJDwV6bcf6NVMR9aE270p21UM,Designing Dinners,44.8039645,-106.9531824,"R23W+HP Sheridan, WY, USA",4.6,64,2
ChIJTd0NEBPwNVMRdQkQWNPrd0c,Killy's Smokehouse,44.7729791,-106.9410484,"Q3F5+5H Sheridan, WY, USA",4.5,222,2
ChIJ19gerMX6NVMRDNHfUJ07TYE,El Tapatio Dos,44.8093337,-106.9553721,"R25V+PV Sheridan, WY, USA",4.5,235,2
ChIJRRbvMrn6NVMRJ04hqbxVTcY,Luminous Brewhouse,44.80297969999999,-106.9535786,"R23W+5H Sheridan, WY, USA",4.7,107,1
ChIJRRbvMrn6NVMRtJlCAgBIVkY,Wyoming Cattle & Creek Company,44.7997733,-106.9529453,"Q2XW+WR Sheridan, WY, USA",4.2,702,2
ChIJb0qrYL76NVMRPDZhYW1zjsA,Cowboy Cafe,44.79878989999999,-106.9562449,"Q2XV+GG Sheridan, WY, USA",4.6,596,1
ChIJK9UlnA3wNVMR7zAC33Rd6mA,Little Caesars Pizza,44.776775,-106.94216,"Q3G5+P4 Sheridan, WY, USA",3.8,112,1
ChIJ9WVFEBPwNVMREgdDNRpdaD8,Sapporo Japanese Steakhouse,44.773152,-106.941167,"Q3F5+7G Sheridan, WY, USA",4.5,469,2
ChIJpZsmuBLwNVMRO6JOSBRb9BI,QDOBA Mexican Eats,44.77462329999999,-106.9430619,"Q3F4+RQ Sheridan, WY, USA",4.3,443,1
ChIJQ3xbpVhEB4gR484dZeItp4I,Subway,43.584864,-89.8121298,"H5MQ+W4 Lake Delton, WI, USA",3.3,42,1
ChIJWfh8cAJGB4gRUvVHRAZFWcA,Kilbourn City Grill,43.6666558,-89.7859064,"M687+MJ Wisconsin Dells, WI, USA",3.0,103,2
ChIJydG7tHYiB4gRY0-5dCPD3ws,Subway,43.4862478,-89.4978466,"FGP2+FV Portage, WI, USA",3.0,62,1
ChIJce0UeAhGB4gRil6jVFum-v4,Monk's Bar & Grill - Wisconsin Dells,43.627507,-89.77443799999999,"J6HG+26 Wisconsin Dells, WI, USA",4.5,2000,2
ChIJ5Ss3KcVaB4gRN8y3bgJDN8Q,Mulligan's,43.608984,-89.8601178,"J45Q+HX Wisconsin Dells, WI, USA",4.0,253,2
ChIJUaDxnwhGB4gRe0kZ_SkFYO8,Paul Bunyan's Cook Shanty,43.625477,-89.78925199999999,"J6G6+57 Wisconsin Dells, WI, USA",4.3,3689,2
ChIJIeg-VrEA_ocRzsTt0vMCdTs,Subway,43.80635879999999,-90.0683024,"RW4J+GM Mauston, WI, USA",3.9,121,1
ChIJ11S2Ng5qB4gROAa0PIkX_aw,Subway,43.4749989,-89.7631301,"F6FP+XP Baraboo, WI, USA",4.0,227,1
ChIJ3f1fQiVEB4gRQ06MBLIHSMA,Field's at the Wilderness,43.5853958,-89.7819257,"H6P9+56 Wisconsin Dells, WI, USA",4.4,696,2
ChIJ-d64hjnRAIgRtY3r8rhEPtA,Subway,43.886608,-89.4862448,"VGP7+JG Westfield, WI, USA",4.1,87,1
ChIJ2yQZ2avUBogRD_Vqwj3SFP4,Subway,43.7838135,-89.32542529999999,"QMMF+GR Montello, WI, USA",3.9,81,1
ChIJOTpssMpFB4gRF0bo3jBRoWs,The Del-Bar,43.5994669,-89.7931905,"H6X4+QP Wisconsin Dells, WI, USA",4.6,1108,3
ChIJnS3-w6we_ocRfUFM6mrwqRw,Subway,44.0254295,-90.0728592,"2WGG+5V Necedah, WI, USA",3.7,127,1
ChIJb9k2qAhGB4gRpT6aLPZJkKA,Famous Dave's Bar-B-Que,43.627805,-89.770922,"J6HH+4J Wisconsin Dells, WI, USA",3.9,748,2
ChIJmWFz-8hFB4gRVjEclTD3jLg,Pizza Pub,43.60548800000001,-89.79195729999999,"J645+56 Wisconsin Dells, WI, USA",4.0,2631,2
ChIJ43Ysrx1EB4gRHVxUaK_hLts,Cracker Barrel Old Country Store,43.57286740000001,-89.77721919999999,"H6FF+44 Lake Delton, WI, USA",4.1,2903,2
ChIJYU9sFiFEB4gRgFM2uTRb0kc,Monk's Bar & Grill - Lake Delton,43.5835791,-89.7798839,"H6MC+C2 Lake Delton, WI, USA",4.4,2563,2
ChIJ4YxxYUb0VoYRVzT_Nne_U4o,Perini Ranch Steakhouse,32.27165339999999,-99.8440021,"75C4+M9 Buffalo Gap, TX, USA",4.7,876,3
ChIJidZWt56OVoYRly79PDd4jgk,Texas Roadhouse,32.43203400000001,-99.786226,"C6J7+RG Abilene, TX, USA",4.4,2264,2
ChIJd1WyDjeMVoYRmkdxxBs2WyQ,Jason's Deli,32.40865429999999,-99.7778462,"C65C+FV Abilene, TX, USA",4.5,694,2
ChIJb50P5K2NVoYRp-C-Na8VDiA,Subway,32.3960685,-99.76266629999999,"96WP+CW Abilene, TX, USA",3.3,63,1
ChIJ9Xy_LNEPVoYRQE0VWBcxdM4,Subway,32.4727605,-100.402471,"FHFX+42 Sweetwater, TX, USA",4.4,121,1
ChIJKy2NTTGMVoYRdzH9L95Xrd0,Olive Garden Italian Restaurant,32.411512,-99.77469599999999,"C66G+J4 Abilene, TX, USA",4.3,1580,2
ChIJYUOy1TCMVoYRuiffc3rJCWo,Subway,32.4109438,-99.7762127,"C66F+9G Abilene, TX, USA",4.2,84,1
ChIJj-HTZbWNVoYRbYP-6CkH9uA,IHOP,32.4057959,-99.76616949999999,"C64M+8G Abilene, TX, USA",3.7,1727,1
ChIJU6GDqPqmV4YRKDTyyrH070s,Subway,31.72760109999999,-99.9570716,"P2HV+25 Ballinger, TX, USA",3.6,44,1
ChIJAXMVZreNVoYR-uN86LS9z6A,Taco Bueno,32.4030267,-99.75718909999999,"C63V+64 Abilene, TX, USA",3.5,567,1
ChIJExcVxLONVoYRA9JZ99Q0q7M,Chuck E. Cheese,32.4000942,-99.7618097,"C62Q+27 Abilene, TX, USA",3.7,312,2
ChIJSVhBvLGNVoYR02z6EndYUjc,Joe's Pizza,32.3961724,-99.76260979999999,"96WP+FX Abilene, TX, USA",4.6,443,1
ChIJaUIp0nCSVoYRLfUizxJ53to,Subway,32.400915,-99.7173019,"C72M+93 Abilene, TX, USA",3.7,24,1
ChIJvYNwwvSOVoYRQbuqbnqjj7s,Subway,32.4520181,-99.77167109999999,"F62H+R8 Abilene, TX, USA",4.1,163,1
ChIJf9Dv07CNVoYRQhMFkq0zL-w,Pizza Hut,32.4008791,-99.7595051,"C62R+95 Abilene, TX, USA",3.3,168,1
ChIJrec6K56OVoYRdzgPo1W5hSQ,Domino's Pizza,32.4270885,-99.78850639999999,"C6G6+RH Abilene, TX, USA",4.2,299,1
ChIJs8Lj4rCNVoYR7HSM1mBkfZU,El Chico Cafe,32.4017366,-99.7617752,"C62Q+M7 Abilene, TX, USA",4.0,520,2
ChIJGaUhNXiOVoYR-E_IGdnlQpw,Wienerschnitzel,32.4319765,-99.7579518,"C6JR+QR Abilene, TX, USA",3.9,332,1
ChIJT1OlVDlycIcRke0c-Ih2HXo,Subway,41.6670794,-103.0990127,"MW82+R9 Bridgeport, NE, USA",4.3,68,1
ChIJd58fB3iLeocRqA50I9A7xhY,Subway,42.0970582,-102.886619,"34W7+R9 Alliance, NE, USA",4.1,172,1
ChIJG1FBjDlycIcRETqkpbdPGNk,Godfather's Pizza,41.67097639999999,-103.0999196,"MWC2+92 Bridgeport, NE, USA",4.7,9,2
ChIJKVFBjDlycIcRekE5nPiBnQU,Taco John's,41.6709706,-103.099988,"MWC2+92 Bridgeport, NE, USA",4.1,38,1
ChIJIytlgajccIcRdjFdap5gqsM,SNS Cafe & Lounge,41.402367,-102.346771,"CM23+W7 Oshkosh, NE, USA",4.5,96,1
ChIJ12tDPweLeocRC3XSDp-C5Qo,Dairy Queen Store,42.1023411,-102.8581085,"442R+WQ Alliance, NE, USA",4.2,289,1
ChIJE5mlBaeLeocRCVnIJ6274nM,Papa's Pizza & Subs,42.09747699999999,-102.865949,"34WM+XJ Alliance, NE, USA",4.7,74,1
ChIJQUg7MZ6LeocRjRWfF9tRVtg,La Villa Restaurant,42.0972143,-102.8785481,"34WC+VH Alliance, NE, USA",4.3,101,2
ChIJYewYsTBycIcRk8dQtKIQCH8,BurgerWerx,41.673004,-103.0986049,"MWF2+6H Bridgeport, NE, USA",4.6,180,2
ChIJ8dTa8DlycIcRWMQ-Uct6gGQ,Steel Grill Restaurant,41.672177,-103.099756,"MWC2+V3 Bridgeport, NE, USA",4.5,337,2
ChIJecY6mD5ycIcR7zGzyZDC9IE,Frankies Bar N Grill,41.6658629,-103.0997521,"MW82+83 Bridgeport, NE, USA",4.6,182,2
ChIJISUFTVbbcIcRkmEFfAj1d8s,The Patriot Grill,41.4049912,-102.3445525,"CM34+X5 Oshkosh, NE, USA",4.7,147,2
ChIJkw7Pmp3IuFQRu_gjEncCJCg,Deschutes Brewery Bend Public House,44.0595155,-121.3114351,"3M5Q+RC Bend, OR, USA",4.5,1144,2
ChIJ5ZaRk7fIuFQRxnDqancLaW8,Riverhouse on the Deschutes,44.08111110000001,-121.3061111,"3MJV+CH Bend, OR, USA",4.4,1445,2
ChIJN6Qnj4DIuFQROlKWCbi9594,10 Barrel Brewing West Side Bend,44.0563621,-121.3285446,"3M4C+GH Bend, OR, USA",4.5,697,2
ChIJ8VA28pe4uFQR_k3vkVQxtKE,Subway,43.99202419999999,-121.3363607,"XMR7+RF Bend, OR, USA",3.5,31,1
ChIJCf5w6i_GuFQRzUOU2jHUp0U,Crux Fermentation Project,44.0507798,-121.3079013,"3M2R+8R Bend, OR, USA",4.7,860,2
ChIJySTPqbHHuFQRLU0vLGqpF8g,Subway,44.02562929999999,-121.3140538,"2MGP+79 Bend, OR, USA",4.0,186,1
ChIJNye8A0vGuFQRSwsCcP7cbak,Little Caesars Pizza,44.038498,-121.30432,"2MQW+97 Bend, OR, USA",4.0,443,1
ChIJnQPoAZ3IuFQRnr4rTZIL5dA,Bend Brewing Company,44.060419,-121.3138699,"3M6P+5F Bend, OR, USA",4.3,671,2
ChIJsU9yKqwvKVMRa1mtfm0tQa8,Pastime Bar & Steakhouse,46.0003418,-102.6371369,"2927+44 Hettinger, ND, USA",4.4,67,2
ChIJvwjlLAfLRIYRQW4Lo2_CPNU,Subway,38.2383259,-87.5674781,"6CQM+82 Fort Branch, IN, USA",4.1,153,1
ChIJHWtOSWvXbYgRbGrz9M1liUM,Gasthof Amish Village,38.67280099999999,-87.04262399999999,"MXF4+4X Montgomery, IN, USA",4.5,1595,2
ChIJecjsjU1ibogRWILYnEDemPE,Subway,38.3920663,-86.93874269999999,"93R6+RG Jasper, IN, USA",4.1,53,1
ChIJr-XmT6f_bYgRYhN49TI9Yec,Subway,38.65920469999999,-87.50841729999999,"MF5R+MJ Vincennes, IN, USA",4.0,176,1
ChIJg_Wny2krbogR21iQ03LZdqg,Bonefish Grill,37.9757886,-87.4730235,"XGGG+8Q Evansville, IN, USA",4.6,746,2
ChIJiyDsURrfbYgRpy_R-6-uePM,Subway,38.6525599,-87.1689557,"MR3J+2C Washington, IN, USA",4.2,104,1
ChIJsXeUUG3hcYgRCDglAIrHw9k,Subway,38.3556659,-87.5454385,"9F43+7R Princeton, IN, USA",4.2,209,1
ChIJQ5rHKQkXbogRR7Il8iXJ5io,Subway,38.33409870000001,-87.35429669999999,"8JMW+J7 Oakland City, IN, USA",3.7,61,1
ChIJHzsxR4XYcYgRh00KipH1kkg,Subway,38.174791,-87.5492038,"5FF2+W8 Haubstadt, IN, USA",3.3,26,1
ChIJVTsgnfxibogREk5qrhwCa70,Subway,38.41162140000001,-86.9374576,"C367+J2 Jasper, IN, USA",3.7,119,1
ChIJ_2InTUBibogRcYz7K6X2uGY,The Schnitzelbank Restaurant,38.3842769,-86.9240719,"93MG+P9 Jasper, IN, USA",4.6,1357,2
ChIJBTPns8fXcYgRh-ASYCe0iy8,Subway,38.0928718,-87.55770059999999,"3CVR+4W Evansville, IN, USA",3.4,49,1
ChIJ-YV13exgbogR5seypg7ysok,Subway,38.29948479999999,-86.9550845,"72XV+QX Huntingburg, IN, USA",4.1,111,1
ChIJxTj-WdxibogRCt1cepyvYbY,Subway,38.42721600000001,-86.93456499999999,"C3G8+V5 Jasper, IN, USA",3.0,28,1
ChIJUSX7eYXucYgRb6SWQ2yVM6w,Subway,38.4136995,-87.7667639,"C67M+F7 Mount Carmel, IL, USA",4.2,133,1
ChIJ4cthJCNYbogRQ4E27HtBAz8,St Nick's Restaurant,38.1167966,-86.92523969999999,"438F+PW Santa Claus, IN, USA",3.3,201,2
ChIJa4i7gtTYcYgRlfr4oW58LTs,Haub House,38.20402139999999,-87.5738983,"6C3G+JC Haubstadt, IN, USA",4.3,325,3
ChIJ93Y-4IDGcYgRNmby6tKS39I,Subway,38.1711867,-87.7804378,"56C9+FR Poseyville, IN, USA",3.9,48,1
ChIJ6Z5LdeBQAIgRF3YuGJhbxks,Subway,44.49259319999999,-89.5097821,"FFVR+23 Plover, WI, USA",3.8,29,1
ChIJN3u2yvPC_4cRPtCZRC00pGo,Subway,44.67735190000001,-90.17930559999999,"MRGC+W7 Marshfield, WI, USA",3.6,16,1
ChIJXXekU7HC_4cRI6Pi9dW6JIo,Subway,44.6863689,-90.1554914,"MRPV+GR Marshfield, WI, USA",3.8,22,1
ChIJORM1b_yIAIgRu-j6SCax6lI,Subway,44.3549854,-89.8140377,"953P+X9 Wisconsin Rapids, WI, USA",3.3,28,1
ChIJt3iApmdXAIgR-FxviWCCTHI,Subway,44.4533778,-89.5425289,"FF34+9X Plover, WI, USA",4.2,133,1
ChIJG3pT8hxRAIgRPpIE3sKth7I,Subway,44.4998555,-89.5072576,"FFXV+W3 Stevens Point, WI, USA",4.1,31,1
ChIJq-94jiGIAIgRlhSPiVNQsNE,Subway,44.3941579,-89.83328999999999,"95V8+MM Wisconsin Rapids, WI, USA",3.9,145,1
ChIJKYnFOf-IAIgR92m4H0ytyXM,Subway,44.36024700000001,-89.81763680000002,"956J+3W Wisconsin Rapids, WI, USA",4.3,70,1
ChIJCRVHFrpRAIgRAe0sJEDABJY,Subway,44.5242684,-89.4982849,"GGF2+PM Stevens Point, WI, USA",3.9,68,1
ChIJV4nVIC2EAIgRMQTJuPe85pA,Subway,44.3167723,-89.88918269999999,"8486+P8 Nekoosa, WI, USA",3.9,84,1
ChIJx4OE4qblAIgR-zNzFnA6oa8,Subway,44.21298849999999,-89.526985,"6F7F+56 Plainfield, WI, USA",4.0,122,1
ChIJV_9Wi-g9AIgRtx2223vaT6I,Subway,44.7858303,-89.68415940000001,"Q8P8+88 Mosinee, WI, USA",4.3,108,1
ChIJbYUyXhepAYgRS93ez1VJPvo,Subway,44.45071590000001,-89.2935804,"FP24+7H Amherst, WI, USA",4.0,31,1
ChIJVXJE_2hQAIgRd93O5VNw3Eo,Hilltop Pub & Grill,44.523105,-89.532983,"GFF8+6R Stevens Point, WI, USA",4.5,1756,2
ChIJO1hNHqf6NVMRquJHk2GwOZU,Subway,44.78743909999999,-106.9439581,"Q3P4+XC Sheridan, WY, USA",4.0,167,1
ChIJ5dgNfr76NVMROinyMQiEfeg,Frackelton's,44.79805500000001,-106.955661,"Q2XV+6P Sheridan, WY, USA",4.5,517,2
ChIJW6SoMhPwNVMRvfzdUGB0XuU,Starbucks,44.773375,-106.943095,"Q3F4+8Q Sheridan, WY, USA",4.0,363,2
ChIJDwV6bcf6NVMR9aE270p21UM,Designing Dinners,44.8039645,-106.9531824,"R23W+HP Sheridan, WY, USA",4.6,64,2
ChIJ19gerMX6NVMRDNHfUJ07TYE,El Tapatio Dos,44.8093337,-106.9553721,"R25V+PV Sheridan, WY, USA",4.5,235,2
ChIJRRbvMrn6NVMRJ04hqbxVTcY,Luminous Brewhouse,44.80297969999999,-106.9535786,"R23W+5H Sheridan, WY, USA",4.7,107,1
ChIJb0qrYL76NVMRPDZhYW1zjsA,Cowboy Cafe,44.79878989999999,-106.9562449,"Q2XV+GG Sheridan, WY, USA",4.6,596,1
ChIJRRbvMrn6NVMRtJlCAgBIVkY,Wyoming Cattle & Creek Company,44.7997733,-106.9529453,"Q2XW+WR Sheridan, WY, USA",4.2,702,2
ChIJy2jbNwzwNVMR4yO-a0aD3eU,Arby's,44.7788866,-106.9419953,"Q3H5+H6 Sheridan, WY, USA",3.7,306,1
ChIJd7nohgnwNVMRZIgTa3P2Mng,Bagels & Beyond,44.7832719,-106.9428203,"Q3M4+8V Sheridan, WY, USA",4.6,284,1
ChIJ96kjhQnwNVMRiXM-pd9I5xU,Perkins Restaurant & Bakery,44.7834211,-106.9419526,"Q3M5+96 Sheridan, WY, USA",4.0,959,2
ChIJTd0NEBPwNVMRdQkQWNPrd0c,Killy's Smokehouse,44.7729791,-106.9410484,"Q3F5+5H Sheridan, WY, USA",4.5,222,2
ChIJK9UlnA3wNVMR7zAC33Rd6mA,Little Caesars Pizza,44.776775,-106.94216,"Q3G5+P4 Sheridan, WY, USA",3.8,112,1
ChIJpZsmuBLwNVMRO6JOSBRb9BI,QDOBA Mexican Eats,44.77462329999999,-106.9430619,"Q3F4+RQ Sheridan, WY, USA",4.3,443,1
ChIJ9WVFEBPwNVMREgdDNRpdaD8,Sapporo Japanese Steakhouse,44.773152,-106.941167,"Q3F5+7G Sheridan, WY, USA",4.5,469,2
ChIJPdUCMw_V54gRzuAICyvNaqo,Arthur's An American Bistro,29.1488007,-82.18348739999999,"4RX8+GJ Ocala, FL, USA",4.1,40,2
ChIJnbX-vh3V54gRjGbWYTvcrIo,Mandarin Express,29.158509,-82.1729141,"5R5G+CR Ocala, FL, USA",4.1,44,1
ChIJIcZU0WKi54gRJVS7BTWVt10,Goblin Market,28.7993792,-81.64512839999999,"Q9X3+QW Mount Dora, FL, USA",4.7,1023,2
ChIJa4NdwR3V54gRSfzOSSJ6KPI,Auntie Anne's,29.1590819,-82.1730628,"5R5G+JQ Ocala, FL, USA",4.2,58,1
ChIJS7RACOvE54gRclJXrIvRQlA,Bonefish Grill,28.9279042,-82.01743379999999,"WXHM+52 The Villages, FL, USA",4.3,1170,2
ChIJ3_3mLh_J54gREI0ltG4xmQ4,Gator Joe's Beach Bar & Grill,29.0405248,-81.92907919999999,"23RC+69 Ocklawaha, FL, USA",4.3,2585,2
ChIJld9wKK3U54gRm_rYgXDguus,"Harry's Seafood,Bar & Grille",29.1861512,-82.1361833,"5VP7+FG Ocala, FL, USA",4.6,3343,2
ChIJSUSsRJ8C54gRKGNq5U0E6Gw,The Old Spanish Sugar Mill,29.1339418,-81.3632504,"4JMP+HM De Leon Springs, FL, USA",4.6,1560,1
ChIJp46HeJ_I54gRcJWo_R-Ln7M,Eaton's Beach Sandbar & Grill,28.9927274,-81.9312078,"X3V9+3G Weirsdale, FL, USA",4.5,3131,2
ChIJVSLEpXO-54gROjSCH_i5nL0,Tijuana Flats,28.822445,-81.78641999999999,"R6C7+XC Leesburg, FL, USA",4.5,612,1
ChIJuW6YOy7d54gR-Egoy432_ik,Subway,28.8443281,-82.027132,"RXVF+P4 The Villages, FL, USA",4.2,41,1
ChIJrU9FLYfG54gR-bKGuoCjhro,Ruby Tuesday,28.941888,-81.948866,"W3R2+QF The Villages, FL, USA",4.1,628,2
ChIJ5zeUQXDF54gRLG7wQ-EcDEo,Subway,28.9801296,-82.00650929999999,"XXJV+39 The Villages, FL, USA",3.8,124,1
ChIJtwnBYMLG54gR5ZT7FHwUY8c,Subway,28.91857630000001,-81.9237062,"W39G+CG Lady Lake, FL, USA",4.1,214,1
ChIJi748ItHF54gRsi5cu61d5E0,Subway,28.9528928,-81.96144249999999,"X23Q+5C The Villages, FL, USA",4.1,112,1
ChIJzxHU8-4bM4cR1JI38Am_zp4,Canyon Star Steakhouse and Saloon,35.9700836,-112.1269767,"XVCF+26 Grand Canyon Village, AZ, USA",2.9,318,2
ChIJc8zDyr0QM4cRy_0xw3FMZIQ,El Tovar Dining Room,36.0573917,-112.1376139,"3V46+XX Grand Canyon Village, AZ, USA",3.8,481,4
ChIJV77wu38QM4cR1fcd19q8S-8,Plaza Bonita,35.9728511,-112.1271513,"XVFF+44 Grand Canyon Village, AZ, USA",3.9,2601,2
ChIJJ8dV3fkbM4cRCXZjEbjCVaM,We Cook Pizza and Pasta,35.9759999,-112.1244386,"XVGG+96 Grand Canyon Village, AZ, USA",3.8,1820,2
ChIJwVC91oQQM4cRmifF0XoSzno,McDonald's,35.9720814,-112.1264085,"XVCF+RC Grand Canyon Village, AZ, USA",3.1,1938,1
ChIJjyjPDOkbM4cR1aGJn_IYEfI,Pizza Hut Express,35.97454789999999,-112.1267207,"XVFF+R8 Tusayan, AZ, USA",2.9,167,1
ChIJg6mSye4bM4cRUYJ0Ppcn42Y,Big E Steakhouse & Saloon,35.97299609999999,-112.1260212,"XVFF+5H Grand Canyon Village, AZ, USA",3.8,1753,2
ChIJs0cOKeoDM4cRWXa80NgbBjs,Wendy's,35.9732622,-112.1271162,"XVFF+85 Tusayan, AZ, USA",3.7,1062,1
ChIJt4BBjAoaM4cR8bASyfd01EI,Yippee-Ei-O! Steakhouse,35.97523499999999,-112.1249695,"XVGG+32 Grand Canyon Village, AZ, USA",2.9,977,2
ChIJPwmoh6TOvlIRpYkXSfgDVBI,Rosalie's Restaurant and Lounge,48.713771,-94.6253997,"P97F+GR Baudette, MN, USA",4.3,184,2
ChIJ1aWCIH62vlIR5mSCv17ZS1M,Alices Family Restaurant,48.71229690000001,-94.60217039999999,"P96X+W4 Baudette, MN, USA",4.1,199,1
ChIJh2gio6TOvlIRVNZKR2JgpAc,Godfather's Pizza,48.7121511,-94.6074946,"P96V+V2 Baudette, MN, USA",4.0,17,2
ChIJ9Vo2fKTOvlIR4Sj9QB_pGgo,McDonald's,48.7124846,-94.61342499999999,"P96P+XJ Baudette, MN, USA",2.9,335,1
ChIJmfKpcYO2vlIR-MyErbmDc2U,Subway,48.7119845,-94.6074716,"P96V+Q2 Baudette, MN, USA",4.0,29,1
ChIJWYD0AX62vlIR4nzmilBmt9I,Shell,48.7128222,-94.599114,"PC72+49 Baudette, MN, USA",4.0,1,2
ChIJVU2cho09v1IR6Jy99RQTR0M,Caribou Coffee,48.9093617,-95.31831590000002,"WM5J+PM Warroad, MN, USA",4.3,112,2
ChIJ3RQ-bFzXvlIRR2L0FZF-2sI,The Wilderness Bar & Grill,48.76700970000001,-94.95796960000001,"Q28R+RR Williams, MN, USA",4.6,91,1
ChIJ_5H0jbInv1IRF4gFDFgEUPM,The Hawk Tasty Tavern,48.7982987,-95.0893495,"QWX6+87 Roosevelt, MN, USA",4.5,92,2
ChIJ3yfVAnG2vlIRqS1-GBQEoK0,Northlake Cafe,48.71407180000001,-94.6132971,"P97P+JM Baudette, MN, USA",4.5,199,1
ChIJRRAR3f6pU4gRCzuEuyZmM8g,Subway,36.110081,-80.1023695,"4V6X+23 Kernersville, NC, USA",3.7,109,1
ChIJWQlVhxWAUYgR2Wr3E0PKZaQ,Subway,36.275963,-80.8323407,"75G9+93 Elkin, NC, USA",3.4,50,1
ChIJqwH_gGiwU4gRd5dsobNZUis,Village Tavern,36.0627514,-80.31014189999999,"3M7Q+4W Winston-Salem, NC, USA",4.5,2821,2
ChIJw5aYjtakU4gR4BRHIQJPPEc,Subway,35.9948084,-80.2701223,"XPVH+WX Winston-Salem, NC, USA",3.8,40,1
ChIJx9hw6DiuU4gRbI4I3pNMVio,The Old Fourth Street Filling Station,36.0967981,-80.2559323,"3PWV+PJ Winston-Salem, NC, USA",4.4,983,2
ChIJqfcpcfixU4gRcupw3Cdt39M,Village Tavern,36.1267421,-80.2860195,"4PG7+MH Winston-Salem, NC, USA",4.5,607,2
ChIJHTVVCkSuU4gRwjWPGjqjx2w,Mellow Mushroom Winston-Salem,36.09788169999999,-80.2476914,"3QX2+5W Winston-Salem, NC, USA",4.4,1824,2
ChIJTfViY0ewU4gRHPKrCV2KHjM,Sbarro,36.0703319,-80.3000694,"3MCX+4X Winston-Salem, NC, USA",3.8,57,1
ChIJTfViY0ewU4gRoEHJeF1cNMc,TGI Fridays,36.07048200000001,-80.29932939999999,"3PC2+57 Winston-Salem, NC, USA",3.5,817,2
ChIJT85FhBMEU4gROv1_I8F84GM,Moose Cafe,36.0871854,-79.9892771,"32P6+V7 Colfax, NC, USA",4.1,1548,1
ChIJD3Gy6bK2U4gRjNQ9LCmjHM0,La Carreta Mexican Restaurant,36.1220646,-80.3670286,"4JCM+R5 Winston-Salem, NC, USA",4.2,314,1
ChIJj_Ex3syxU4gR_AzU9i5qjMY,Milner's American Southern Restaurant And Catering,36.086607,-80.29091199999999,"3PP5+JJ Winston-Salem, NC, USA",4.6,691,2
ChIJ12xbpkSuU4gRUsmrYZUpz7A,Subway,36.0981657,-80.2434964,"3QX4+7J Winston-Salem, NC, USA",4.3,37,1
ChIJwxiT7s7XU4gRHGWr4dMsV10,Subway,36.1181222,-80.7953714,"4693+6V Hamptonville, NC, USA",3.8,45,1
ChIJMf2-4ziuU4gRcK-53nv89Rk,Mozelle's Fresh Southern Bistro,36.0969086,-80.25672089999999,"3PWV+Q8 Winston-Salem, NC, USA",4.6,680,2
ChIJb8gRkFyuU4gRt5ASvjb0F_Y,Krankies,36.0983384,-80.2410283,"3QX5+8H Winston-Salem, NC, USA",4.4,1328,2
ChIJ0R7h5GqwU4gRRkv7NmNeoFQ,Outback Steakhouse,36.0624931,-80.30089889999999,"3M6X+XJ Winston-Salem, NC, USA",4.1,2245,2
ChIJJejjdR1iXIYR-9OCMFWKP6I,Chama Gaúcha Brazilian Steakhouse,29.6102742,-98.49775919999999,"JG62+4V San Antonio, TX, USA",4.9,6976,3
ChIJQy10k8WiXIYRSV22pcq-7pM,Gristmill River Restaurant & Bar,29.738203,-98.10516299999999,"PVQV+7W New Braunfels, TX, USA",4.6,7185,2
ChIJf7_KMSCKXIYRfAOyFTijkis,Main Event San Antonio North,29.6091475,-98.46144849999999,"JG5Q+MC San Antonio, TX, USA",4.2,2729,2
ChIJ5dOVjwBMW4YRuD5lYP0-_cY,Alamo Drafthouse Cinema Slaughter Lane,30.19895409999999,-97.8687113,"54XJ+HG Austin, TX, USA",4.6,2221,1
ChIJv8Vko9RhXIYRYC0BEyI4Ii4,The Magnolia Pancake Haus,29.5644456,-98.4893508,"HG76+Q7 San Antonio, TX, USA",4.6,2598,2
ChIJBbnHVl9WQ4YR-MGxBKcB8sc,Kreuz Market,29.8899357,-97.6718176,"V8QH+X7 Lockhart, TX, USA",4.4,2761,2
ChIJVypMRjekXIYRVfPPGKxd8aA,Texas Roadhouse,29.865696,-97.94444999999999,"V384+76 San Marcos, TX, USA",4.4,2470,2
ChIJkexlLlRGW4YRCXbXqNo7G_8,"Jester King -- Brewery, Kitchen, Farm & Event Hall",30.230275,-97.9996111,"62J2+45 Austin, TX, USA",4.7,1971,2
ChIJa1bqDoeJXIYRnqvRh_wJdfQ,La Hacienda de Los Barrios,29.6144378,-98.44790689999999,"JH72+QR San Antonio, TX, USA",4.2,1833,2
ChIJFc7LD2WoXIYRednn_cvvSD4,Palmer's Restaurant Bar & Courtyard,29.8828842,-97.9465408,"V3M3+59 San Marcos, TX, USA",4.3,896,3
ChIJhw2ykTX1XIYRkM0ZPifG_FI,Magic Time Machine,29.515725,-98.46094989999999,"GG8Q+7J San Antonio, TX, USA",4.3,3010,2
ChIJUV8aVvFWQ4YRZfcmdUS-yAI,Smitty's Market,29.8836284,-97.6709195,"V8MH+FJ Lockhart, TX, USA",4.4,2303,2
ChIJQyuxCwJiXIYR32XsTSiVswY,Sushi Zushi,29.6098393,-98.4906005,"JG55+WQ San Antonio, TX, USA",4.3,1064,2
ChIJBRXac2e9XIYRhVZmFZGLv9U,Huisache Grill,29.7003235,-98.1260475,"PV2F+4H New Braunfels, TX, USA",4.6,1204,2
ChIJv8Ml-RK9XIYRZQXTiYEsKps,Jason's Deli,29.6934338,-98.10924229999999,"MVVR+98 New Braunfels, TX, USA",4.4,877,2
ChIJtaqhxjS9XIYRF5Vyyz_T5RI,Clear Springs Restaurant,29.6769306,-98.0603386,"MWGQ+QV New Braunfels, TX, USA",4.6,3836,2
ChIJLyYl9J9iNIgRrekWd0BEK1U,Bravo! Italian Kitchen,40.6742352,-80.0993222,"MWF2+M7 Cranberry Township, PA, USA",4.2,840,2
ChIJFY7jo61dNIgRES0Bf1Jwhp0,Primanti Bros. Restaurant and Bar Moon,40.506615,-80.2227125,"GQ4G+JW Carnot-Moon, PA, USA",4.3,2083,1
ChIJo5kLO71vNIgRn5fZYhuL-FE,Texas Roadhouse,40.68137180000001,-80.3051004,"MMJV+GX Monaca, PA, USA",4.2,1721,2
ChIJQ9ZfFtxzNIgR8zzn9QtRMyE,Z Pub & Diner,40.7747244,-80.37399169999999,"QJFG+VC Beaver Falls, PA, USA",4.5,732,2
ChIJ6QY2QBhgNIgR4aifqUga6iM,Andora,40.553345,-80.10802699999999,"HV3R+8Q Sewickley, PA, USA",4.4,479,2
ChIJAf9Soix4NIgRAsIQDI_BeD8,Shakespeare's Restaurant & Pub,40.8313329,-80.2725296,"RPJG+GX Ellwood City, PA, USA",4.5,638,2
ChIJgwguFHjwM4gRGMWnYAj7Thw,Subway,41.02954,-80.6310166,"29H9+RH Poland, OH, USA",2.5,12,1
ChIJIxXXneLiM4gREbuxGvPQqkg,Ruby Tuesday,41.099141,-80.766029,"36XM+MH Austintown, OH, USA",4.1,920,2
ChIJB471wKhiNIgR5m89iA-TyQg,Buffalo Wild Wings,40.68610069999999,-80.1025241,"MVPW+CX Cranberry Township, PA, USA",4.0,999,2
ChIJ_SZ0G2EHNIgRBjV6FYJ35Zc,Das Dutch Haus Restaurant,40.90169119999999,-80.69583730000001,"W823+MM Columbiana, OH, USA",4.5,2038,2
ChIJ6QKILn7wM4gR6hZfeHSb3Nk,"Springfield Grille - Boardman, OH",41.0202298,-80.6294578,"29CC+36 Youngstown, OH, USA",4.5,834,3
ChIJIc4ZuMxdNIgRF9kmpKAY8EA,Hyeholde Restaurant,40.5040379,-80.2026789,"GQ3W+JW Coraopolis, PA, USA",4.6,336,4
ChIJQUCbrLfBM4gRz76DWbb0TJg,Quaker Steak & Lube,41.2314178,-80.5078489,"6FJR+HV Sharon, PA, USA",4.1,1202,2
ChIJN9QX6KgQHIgRBe3CVrLzR5k,Little Caesars Pizza,43.9565573,-86.4219535,"XH4H+J6 Ludington, MI, USA",4.0,237,1
ChIJkSIk2T0pHIgRnbIOF43YAQc,Little Caesars Pizza,44.245095,-86.319244,"6MWJ+28 Manistee, MI, USA",3.7,221,1
ChIJ7W0_H9YWHIgROM73y02-0OQ,Chuck Wagon Pizza,43.971854,-86.459715,"XGCR+P4 Ludington, MI, USA",4.7,587,2
ChIJ-_JV3cQQHIgRPH7z6LDknsw,Jamesport Brewing Company,43.9521387,-86.44793299999999,"XH22+VR Ludington, MI, USA",4.4,585,2
ChIJCxehHdMbHIgRUkvPBDF02cE,Applebee's Grill + Bar,43.955545,-86.376553,"XJ4F+69 Ludington, MI, USA",4.1,1061,2
ChIJC6r2kj8pHIgRNnGQM58i9S0,A&W Restaurant,44.24429119999999,-86.3184421,"6MVJ+PJ Manistee, MI, USA",4.1,939,1
ChIJRxVMXQYaHIgRbC31448ChfA,McDonald's,43.9555473,-86.41366579999999,"XH4P+6G Ludington, MI, USA",3.6,1029,1
ChIJ44wLZyU9HIgRk1PYfLqFPCc,Barnhart's Resort & Marina,44.0703858,-86.4301582,"3HC9+5W Ludington, MI, USA",3.7,173,2
ChIJ__xTnCIaHIgREt90qdLWcZ0,Ponderosa,43.95473289999999,-86.3954703,"XJ33+VR Ludington, MI, USA",3.8,941,2
ChIJzV_K1kIpHIgR-hROFv5c3Sg,Cafe 1907,44.25017190000001,-86.31632239999999,"7M2M+3F Manistee, MI, USA",4.5,347,1
ChIJNa33itJjHogR26und9XPcQo,Lenz's Country Side Restaurant,44.3706627,-86.0212614,"9XCH+7F Kaleva, MI, USA",4.2,108,1
ChIJy4qWYt4dHIgRgoV2FosSP_0,North Country Cafe & Catering,43.95547500000001,-86.279209,"XP4C+58 Scottville, MI, USA",4.2,314,1
ChIJEenTduIoHIgRBfmwpGRju3s,KFC,44.223581,-86.3095402,"6MFR+C5 Manistee, MI, USA",3.7,138,1
ChIJYTiIP-IoHIgR_PISGr9Zqss,McDonald's,44.2251089,-86.3110787,"6MGQ+2H Manistee, MI, USA",3.3,697,1
ChIJo_g8Kh8xHogR062BpPLCqTY,Boone's Long Lake Inn,44.7179332,-85.7206471,"P79H+5P Traverse City, MI, USA",4.5,1737,3
ChIJa2iNBqRyHogR72TkiFHUd5I,Subway,44.6206705,-86.09956059999999,"JWC2+75 Benzonia, MI, USA",3.9,66,1
ChIJ62u0His4HogRbR1dlnKsaBs,Subway,44.6591828,-85.770456,"M65H+MR Interlochen, MI, USA",3.5,86,1
ChIJLSQvLlweHogR_kfFk48fUig,Art's Tavern,44.8975556,-85.9886722,"V2X6+2G Glen Arbor, MI, USA",4.2,1196,2
ChIJDSJcFSc4HogRM7cXpdyp5R8,Hofbrau Steak House & American Grille,44.6470749,-85.7683682,"J6WJ+RM Interlochen, MI, USA",4.3,681,2
ChIJX2yUhZtyHogRIRUARxOMYeg,McDonald's,44.6081865,-86.10002519999999,"JV5X+7X Benzonia, MI, USA",2.9,713,1
ChIJRRd-CalyHogR1AlDeRKg7IQ,L'Chayim Delicatessen,44.6282621,-86.09621620000001,"JWH3+8G Beulah, MI, USA",4.5,170,2
ChIJZ-46Mkl1HogRbIK_dEe4HjE,FrankZ,44.6326733,-86.2401843,"JQM5+3W Frankfort, MI, USA",4.5,166,1
ChIJXbf0mi51HogRH07c3G9oyGc,A&W Restaurant,44.6331287,-86.22269829999999,"JQMG+7W Frankfort, MI, USA",4.3,831,1
ChIJuSBo86lyHogR8ylA_CoK6hE,Ursa Major Bistro & Coffee Shop,44.6283992,-86.0955087,"JWH3+9Q Beulah, MI, USA",4.4,322,1
ChIJiwCVI3oTHogRRyXKb9EvVyw,JIMS JOINT BBQ,44.6639389,-86.0208373,"MX7H+HM Honor, MI, USA",4.8,270,2
ChIJfTk3I3oTHogRu5RkIYksHKw,Platte River Inn,44.6635616,-86.02089769999999,"MX7H+CJ Honor, MI, USA",4.4,476,2
ChIJrfN9GuEvHogR5h6fivo6Ov4,Hayloft Inn,44.7743181,-85.75113549999999,"Q6FX+PG Traverse City, MI, USA",4.3,147,1
ChIJxeVNTIU7HogRaUbOyEd3210,Stone Oven,44.72441,-85.84296599999999,"P5F4+QR Lake Ann, MI, USA",4.7,257,1
ChIJV3Y7Vok7HogRoMr4YonNP6M,Red Door Coffee House,44.7238159,-85.84360000000001,"P5F4+GH Lake Ann, MI, USA",4.6,93,1
ChIJ98e31YJ8yIcRUKRDjAcYUL8,Subway,37.0728971,-94.47278100000001,"3GFG+5V Joplin, MO, USA",4.0,71,1
ChIJsb6HZ0DCx4cR3WXen1Fr4Xo,Subway,37.4385062,-94.7055287,"C7QV+CQ Pittsburg, KS, USA",4.1,66,1
ChIJ0Zia8OrCx4cRpotlJnIRnKE,Subway,37.3981368,-94.7046159,"97XW+75 Pittsburg, KS, USA",3.8,79,1
ChIJo1e_OWgQuIcRrhSHaxgO_uM,Subway,37.371859,-95.2553559,"9PCV+PV Parsons, KS, USA",3.5,43,1
ChIJYa4mkebsx4cRYkVcilOeQ6s,Subway,37.5135572,-94.8456214,"G573+CQ Girard, KS, USA",4.3,52,1
ChIJuY0v5L8JyIcRWjcCmS6MiVg,Subway,37.1769804,-94.8321723,"55G9+Q4 Columbus, KS, USA",4.0,121,1
ChIJ5QfQCcrGx4cRxEeepxEJGAY,Chicken Annie's Original,37.48366149999999,-94.6413936,"F9M5+FC Pittsburg, KS, USA",4.4,341,1
ChIJOe1wf4gauIcRCatEn1-XJ4A,Subway,37.34026120000001,-95.26690149999999,"8PRM+46 Parsons, KS, USA",3.7,46,1
ChIJ5S4Ui215yIcRs5rQ1q2VZiU,Subway,37.143196,-94.5117394,"4FVQ+78 Webb City, MO, USA",4.0,48,1
ChIJFx-TG6x-yIcRjuEsyXdNHcs,Little Caesars Pizza,37.1338348,-94.4756393,"4GMF+GP Webb City, MO, USA",3.4,131,1
ChIJ8V6d_ld6yIcRRKCt5vHxC8c,Little Caesars Pizza,37.0826287,-94.53075199999999,"3FM9+3M Joplin, MO, USA",3.7,346,1
ChIJV54rGKp-yIcRxTkSx_gAA0A,Subway,37.1287385,-94.47589769999999,"4GHF+FJ Webb City, MO, USA",4.4,135,1
ChIJd4e3ta8SyIcR2ScfZSRziQc,Subway,37.02235039999999,-94.735807,"27C7+WM Baxter Springs, KS, USA",4.1,118,1
ChIJ3SNsBnl8yIcRYlmUeF9PnxE,Logan's Roadhouse,37.09294999999999,-94.47639,"3GVF+5C Joplin, MO, USA",4.1,1063,2
ChIJq-Rm69w2xocR3WjCRPuGTTI,Subway,37.4932045,-94.2941772,"FPV4+78 Lamar, MO, USA",4.1,131,1
ChIJtT5UYKl-yIcRViLwEgbInbs,Gringos,37.1312843,-94.4748232,"4GJG+G3 Webb City, MO, USA",4.3,1089,1
ChIJdzXIssZ6yIcRWuHGlBIUTb0,Subway,37.0549145,-94.5362475,"3F37+XG Joplin, MO, USA",4.2,49,1
ChIJsQwlCEHCx4cRKR4p40FlwJs,Applebee's Grill + Bar,37.435331,-94.70445559999999,"C7PW+46 Pittsburg, KS, USA",3.9,778,2
ChIJkSIk2T0pHIgRnbIOF43YAQc,Little Caesars Pizza,44.245095,-86.319244,"6MWJ+28 Manistee, MI, USA",3.7,221,1
ChIJC6r2kj8pHIgRNnGQM58i9S0,A&W Restaurant,44.24429119999999,-86.3184421,"6MVJ+PJ Manistee, MI, USA",4.1,939,1
ChIJzV_K1kIpHIgR-hROFv5c3Sg,Cafe 1907,44.25017190000001,-86.31632239999999,"7M2M+3F Manistee, MI, USA",4.5,347,1
ChIJpTYMIkcpHIgRhfWXxCtaWjM,TJ’s Pub,44.2476354,-86.3235438,"6MXG+3H Manistee, MI, USA",4.5,682,2
ChIJ-x0f0eVjHogRL19KfxGWWc0,Taco 'Bout It Mexican Fusion,44.2484458,-86.3211847,"6MXH+9G Manistee, MI, USA",4.3,318,2
ChIJB_Cdp0EpHIgRnaOKuwWxojA,The Fillmore,44.2487735,-86.3198862,"6MXJ+G2 Manistee, MI, USA",4.4,476,2
ChIJ79KoiRAqHIgRYK6Ejw_YZV8,Subway,44.2250446,-86.3132011,"6MGP+2P Manistee, MI, USA",4.1,125,1
ChIJZ2vH9h0pHIgRCEbPPXJ0g-w,Pizza Hut,44.2267062,-86.31152,"6MGQ+M9 Manistee, MI, USA",4.1,269,1
ChIJYTiIP-IoHIgR_PISGr9Zqss,McDonald's,44.2251089,-86.3110787,"6MGQ+2H Manistee, MI, USA",3.3,697,1
ChIJEenTduIoHIgRBfmwpGRju3s,KFC,44.223581,-86.3095402,"6MFR+C5 Manistee, MI, USA",3.7,138,1
ChIJ44wLZyU9HIgRk1PYfLqFPCc,Barnhart's Resort & Marina,44.0703858,-86.4301582,"3HC9+5W Ludington, MI, USA",3.7,173,2
ChIJ1xcs7uQoHIgRO9JLYGpLL3U,Bungalow Inn,44.22045689999999,-86.3084777,"6MCR+5J Manistee, MI, USA",4.4,1061,2
ChIJjXKiqEN-HogRi6TFApksSRM,M-22 Grill,44.3621884,-86.19939079999999,"9R62+V6 Onekama, MI, USA",4.4,306,1
ChIJH-KFqtQrHIgRU9oVfv9jKJE,Big Al'S Pizza,44.2656542,-86.3104153,"7M8Q+7R Manistee, MI, USA",4.4,900,1
ChIJS8qIAAmZwYkRYGikH7GIAqU,Chef Mike's ABG,39.90563199999999,-74.0789489,"WW4C+7C Seaside Park, NJ, USA",4.4,428,3
ChIJT3P356apwYkRvH3ZUNx3bhA,"The Greenhouse, LBI",39.651075,-74.174936,"MR2G+C2 Ship Bottom, NJ, USA",4.2,425,2
ChIJKaEeHrqpwYkRW8A7EbAjpwY,The Dutchmans/ The Quelle is Remoldeling 2017 We look forward to seeing everyone in the future,39.6560759,-74.1886299,"MR46+CG Manahawkin, Stafford Township, NJ, USA",3.4,36,2
ChIJI0vQ7P2owYkR9JOeKrx8j4Q,NorthSide Bar & Grille,39.6643899,-74.1634937,"MR7P+QJ Surf City, NJ, USA",4.1,147,2
ChIJv8i_LgepwYkRBweJhB0pOh4,MKT Eatery,39.6586005,-74.1679635,"MR5J+CR Surf City, NJ, USA",4.5,90,2
ChIJ5RD7lKapwYkRQ4YoBuK4M3g,The Local,39.65134150000001,-74.1755487,"MR2F+GQ Ship Bottom, NJ, USA",4.6,465,2
ChIJY9bw4aOpwYkRnYl8-cTxaRg,Wawa,39.64938399999999,-74.17684,"JRXF+Q7 Ship Bottom, NJ, USA",4.1,86,1
ChIJtRjFMaKpwYkR4Ew34oi_qrM,Zen Sushi Asian Cusine,39.64687399999999,-74.177734,"JRWC+PW Ship Bottom, NJ, USA",4.3,130,2
ChIJxbMk7qSpwYkREaROj_ASORI,Dunkin',39.6521782,-74.1812844,"MR29+VF Ship Bottom, NJ, USA",3.5,98,1
ChIJe2iLwBmqwYkRCRLTXsGY_oo,Custard Hut & Pizza,39.61879589999999,-74.1982732,"JR92+GM Long Beach, NJ, USA",4.4,204,1
ChIJyel8NdqnzokRDEE67ucopvg,Subway,40.8100706,-77.8974375,"R463+22 State College, PA, USA",3.9,80,1
ChIJ88GfaLKnzokRJo8Gt3aVJ28,American Ale House,40.8309725,-77.8862001,"R4J7+9G State College, PA, USA",4.3,761,2
ChIJqRMWp7SlzokRp-Ic0XTucQ4,Subway,40.8325892,-77.8081869,"R5MR+2P State College, PA, USA",2.9,32,1
ChIJc4r7zZiozokRsADin-_eEOY,Allen Street Grill,40.7942719,-77.86160670000001,"Q4VQ+P9 State College, PA, USA",4.0,203,2
ChIJ3zrqLdenzokRowXv1F7ZeFY,Champs Sports Grill,40.8079223,-77.8929138,"R454+5R State College, PA, USA",4.1,1139,2
ChIJc4r7zZiozokR-NiM1lWNeLg,The Corner Room,40.7942719,-77.86160670000001,"Q4VQ+P9 State College, PA, USA",4.3,936,1
ChIJ4Y100uCnzokRIo5MRpDMLPA,Starbucks,40.80903600000001,-77.90744699999999,"R35V+J2 State College, PA, USA",4.1,584,2
ChIJn1lL6sSnzokReuHYY-Q-sDA,Texas Roadhouse,40.81522799999999,-77.897705,"R482+3W State College, PA, USA",4.4,2099,2
ChIJV3y-0AGpzokRzDEm30t8g_E,Subway,40.76444430000001,-77.88184079999999,"Q479+Q7 State College, PA, USA",4.5,112,1
ChIJDUScs76ozokRAqouIMfnkSQ,Wings Over Happy Valley,40.7873806,-77.8564682,"Q4PV+XC State College, PA, USA",4.1,216,2
ChIJ_W__DE2vzokRVE4oebDtk7Y,Subway,40.7845957,-77.8347351,"Q5M8+R4 State College, PA, USA",3.6,42,1
ChIJp1jQcpmozokR9Dx1diMnJes,Subway,40.7924503,-77.86385299999999,"Q4RP+XF State College, PA, USA",4.0,65,1
ChIJg5ydPwNLyYkRxeYB9TQK1tg,Subway,40.5809534,-77.61173149999999,"H9JQ+98 Lewistown, PA, USA",4.2,26,1
ChIJ18GSIGK1zokR7f_2H8N_f48,Subway,40.630522,-77.57426,"JCJG+67 Burnham, PA, USA",3.9,33,1
ChIJt7SsGKKozokRvBK39_Y3tqU,Mad Mex,40.793621,-77.85871,"Q4VR+CG State College, PA, USA",4.1,626,2
ChIJs8cWGJmozokRX0F60SEiOE8,Cafe 210 West,40.79315069999999,-77.862886,"Q4VP+7R State College, PA, USA",4.1,474,1
ChIJCfyf7MSnzokRg30Cz9ymCvg,Outback Steakhouse,40.8161224,-77.8984207,"R482+CJ State College, PA, USA",4.1,762,2
ChIJsdKHjcSnzokRv_IhHhDKfic,Olive Garden Italian Restaurant,40.8171343,-77.89910119999999,"R482+V9 State College, PA, USA",4.3,1428,2
ChIJkzBTcGHlQYYRWAEiHykG5zk,Subway,28.713305,-96.21410929999999,"PQ7P+89 Palacios, TX, USA",4.2,36,1
ChIJVbm5WxO5QYYRUMo3-cDa5Nc,Subway,28.9837374,-95.9563196,"X2MV+FF Bay City, TX, USA",4.0,144,1
ChIJlaXr1Tu5QYYRrRlRt79NZM4,Sonic Drive-In,28.9773738,-95.9695236,"X2GJ+W5 Bay City, TX, USA",3.4,657,1
ChIJf1JNh4wxQIYRuv9156xPkiU,The Crab Trap Grill,28.7681187,-95.6405504,"Q995+6Q Sargent, TX, USA",4.5,393,2
ChIJ0zL5SljlQYYRtRlE3_qdGH4,7-Eleven,28.7143047,-96.22640799999999,"PQ7F+PC Palacios, TX, USA",3.6,5,1
ChIJX1eVOiS5QYYRQulUSRW9too,Subway,28.9655998,-95.9692078,"X28J+68 Bay City, TX, USA",3.7,73,1
ChIJg9RVdj-5QYYRUVg1JipQWgo,Chicken Express,28.98285529999999,-95.9642868,"X2MP+47 Bay City, TX, USA",4.0,243,1
ChIJ7xzj5D-5QYYR1ZWLvGenzXQ,Shell,28.983023,-95.962587,"X2MP+6X Bay City, TX, USA",5.0,1,2
ChIJcaO02je5QYYRXzQ03ywJy24,Venezia's Garden,28.9826128,-95.9746018,"X2MG+25 Bay City, TX, USA",4.5,406,2
ChIJwQDs5De5QYYRKuTmvIcydwY,Papa John's Pizza,28.983325,-95.97295299999999,"X2MG+8R Bay City, TX, USA",3.8,71,1
ChIJydXi0pm5QYYRSVe4NimxMTs,Subway,28.98370299999999,-95.9366325,"X3M7+F8 Bay City, TX, USA",4.0,119,1
ChIJCYRa3W7tQYYRoDKRjPsRddM,616 Restaurant,28.8720673,-96.2234383,"VQCG+RJ Blessing, TX, USA",4.3,75,2
ChIJHw2tVzzZQYYRn3YmibXc1mw,Waterfront Restaurant,28.6938991,-95.95871729999999,"M2VR+HG Matagorda, TX, USA",4.2,315,2
ChIJiXsX9OpMQIYREeL2Mk6LC0Q,Subway,29.043931,-95.7072548,"27VV+H3 Sweeny, TX, USA",3.9,145,1
ChIJexMykdhKRIcR_6yMHoWXFU8,Giovanni's Italian Grill,40.0874041,-108.7908292,"36P5+XM Rangely, CO, USA",4.6,211,2
ChIJg4h_6ClLRIcRqKpVzYSMSGg,Kum & Go,40.08714760000001,-108.8002864,"35PX+VV Rangely, CO, USA",3.8,16,2
ChIJXd1hxCpLRIcRXXTeNGOmmnI,El Agave Mexican Restaurant,40.0877486,-108.8067054,"35QV+38 Rangely, CO, USA",4.3,218,2
ChIJY16lgTMR24gRC6HHprUd59A,Subway,26.4364623,-81.7772727,"C6PF+H3 Estero, FL, USA",4.0,126,1
ChIJcVn10rvh2ogRcLhFa3YAJ0c,HB's on the Gulf at The Naples Beach Hotel,26.1566272,-81.80872939999999,"554R+MG Naples, FL, USA",4.4,199,2
ChIJp-Z3mQzh2ogRLZyfV3MShoc,Sea Salt,26.1324042,-81.8022471,"45JX+X4 Naples, FL, USA",4.3,547,3
ChIJazMrCUAe24gRjuhy5Dne2sw,Shula's Steak House,26.20933149999999,-81.8016828,"655X+P8 Naples, FL, USA",4.2,399,3
ChIJy6HDAVzu2ogRkLb3Pm68BAQ,Ario,25.9286768,-81.7288702,"W7HC+FF Marco Island, FL, USA",3.9,74,2
ChIJ1StG2h8f24gRlRW9bRbz2Xc,The Turtle Club,26.2550454,-81.8232474,"754G+2P Naples, FL, USA",4.6,1110,3
ChIJjyN0EOnh2ogRaBqrMCGefTk,Sarku Japan,26.1693459,-81.79420069999999,"5694+P8 Naples, FL, USA",4.3,51,1
ChIJycL2Osge24gROt0e8IUGUVM,P.F. Chang's,26.2702317,-81.8010527,"75CX+3H Naples, FL, USA",4.1,499,2
ChIJXaWBWGAY24gRt7l6W2tvGig,Doc's Beach House,26.3319236,-81.8459261,"85J3+QJ Bonita Springs, FL, USA",4.3,2446,2
ChIJEbIJ3TQZ24gRvKCw_ieEGZg,The Bay House Restaurant,26.2813275,-81.80376369999999,"75JW+GF Naples, FL, USA",4.5,657,3
ChIJuUWeVJQe24gR6MS-0QgWwh8,The Counter Custom Burgers,26.2532338,-81.7989628,"7632+7C Naples, FL, USA",3.8,208,2
ChIJE26jV5PShYARApzfXjGJmPE,Nick's Cove,38.1994333,-122.9206083,"53XH+QQ Marshall, CA, USA",4.4,931,2
ChIJNTIczf1HhIARn4713sxyAwc,Russian River Brewing Company,38.441806,-122.71165,"C7RQ+P8 Santa Rosa, CA, USA",4.6,1931,2
ChIJfayGP1CshYARhVmEEcb6EFg,Santé Restaurant,38.3120066,-122.4822736,"8G69+R3 Sonoma, CA, USA",4.5,115,4
ChIJN-DH2xyshYARiXxlIiwxS9Y,the girl & the fig,38.2939489,-122.4588364,"7GVR+HF Sonoma, CA, USA",4.5,1500,3
ChIJKR3BXM6PhYARi5MgD0ksggg,Pelican Inn,37.8646722,-122.5749306,"VC7G+V2 Muir Beach, CA, USA",4.3,804,2
ChIJ_XPVHlSQhYARNHpbfLGuLVs,Mountain Home Inn,37.9101069,-122.5768761,"WC6F+26 Mill Valley, CA, USA",4.3,304,2
ChIJacBju_41hIARJEvXmhZ-rC0,The Habit Burger Grill,38.360709,-122.7234314,"976G+7J Rohnert Park, CA, USA",4.3,91,1
ChIJzZZSaZ4-hIAR7s70SUD5mBY,Sky Lounge,38.51007300000001,-122.8055313,"G56V+2Q Santa Rosa, CA, USA",4.0,164,3
ChIJ5zkhzW2ahYARK0BrZPbDq_E,Subway,37.9452832,-122.5222851,"WFWH+43 Greenbrae, Kentfield, CA, USA",3.7,44,1
ChIJXeAKNQpKhIAR6KohypWfk4M,Olive Garden Italian Restaurant,38.3478866,-122.7154844,"87XM+5R Rohnert Park, CA, USA",4.2,1645,2
ChIJ-TBNosuihYAR9a6hTQ1RE9U,Toast Restaurant,38.0637023,-122.5333779,"3F78+FJ Novato, CA, USA",4.1,317,2
ChIJi9kLxVqEhYARy-i8llgk7KA,The Spinnaker,37.8589476,-122.4781208,"VG5C+HQ Sausalito, CA, USA",4.3,1418,3
ChIJDaFgXK-Pk4cReJseA3695NQ,Upstream Brewing Company,41.25472,-95.93087899999999,"7339+VJ Omaha, NE, USA",4.4,1695,2
ChIJi0GVLUyIk4cRXWnVsfkyUuU,Subway,41.1555855,-95.9367226,"5347+68 Bellevue, NE, USA",3.4,34,1
ChIJm5uMYuuOk4cRmpxYTuhClZY,Lo Sole Mio Ristorante,41.2320021,-95.9602443,"62JQ+RW Omaha, NE, USA",4.6,1385,2
ChIJtZlNB7KPk4cR6RgxTie1jcM,Starbucks,41.258479,-95.936064,"7357+9H Omaha, NE, USA",4.4,512,2
ChIJj2ovCa-Pk4cRgXKUX3LU7Sk,Blue Sushi Sake Grill,41.255865,-95.932194,"7349+84 Omaha, NE, USA",4.5,2209,2
ChIJHb3kbK6Pk4cRBaoHZqBKfYI,801 Chophouse at the Paxton,41.25715169999999,-95.9347092,"7348+V4 Omaha, NE, USA",4.7,809,4
ChIJLZektEKIk4cRs9VKgOX6quU,Stella's Bar & Grill,41.1590721,-95.9208879,"535H+JJ Bellevue, NE, USA",4.7,2709,1
ChIJZyk3Zq-Pk4cR7S7QmMEUlL4,Spaghetti Works,41.2553112,-95.9308964,"7349+4J Omaha, NE, USA",4.3,3331,2
ChIJK0qcKrePk4cRELkgMm9IEG4,The Old Mattress Factory Bar & Grill,41.264121,-95.93294999999999,"7378+JR Omaha, NE, USA",4.3,1735,2
ChIJ3aIQkrqPk4cR9YJsQNbyJq4,DJ's Dugout Sports Bar - Downtown,41.2604562,-95.92948559999999,"736C+56 Omaha, NE, USA",3.8,719,2
ChIJTbOAODqEk4cRay2oLGVEmKA,Subway,41.2267713,-95.84454009999999,"65G4+P5 Council Bluffs, IA, USA",3.4,71,1
ChIJedsXOu6Ek4cRJhPZ8tcCTmU,Subway,41.2645265,-95.8424884,"7575+R2 Council Bluffs, IA, USA",3.9,111,1
ChIJ8-mTvmiOk4cR_nl9_8ULRGw,Crescent Moon,41.257976,-95.96632699999999,"725M+5F Omaha, NE, USA",4.5,1463,1
ChIJmcMUiq2Pk4cRaCRg4d4BE8A,Subway,41.2584993,-95.9380359,"7356+9Q Omaha, NE, USA",4.3,21,1
ChIJLexcx22Ek4cRfYKS9Cqt6_c,Subway,41.24215159999999,-95.8261584,"65RF+VG Council Bluffs, IA, USA",4.0,137,1
ChIJBW9zbq-Pk4cRWNgDbrws8Pw,Stokes - Old Market,41.25568639999999,-95.93167919999999,"7349+78 Omaha, NE, USA",4.2,806,2
ChIJuapkBDaOk4cRjPbKgavPAzA,Subway,41.2682479,-95.9466887,"7393+78 Omaha, NE, USA",3.9,75,1
ChIJY16lgTMR24gRC6HHprUd59A,Subway,26.4364623,-81.7772727,"C6PF+H3 Estero, FL, USA",4.0,126,1
ChIJ0aBgjjYR24gR8hVHsBoGTSY,Ford's Garage,26.4384135,-81.77249839999999,"C6QH+92 Estero, FL, USA",4.5,2332,2
ChIJXcmR7Qk824gRBAZE-WEmS3o,Doc Ford's Rum Bar & Grille - Ft. Myers Beach,26.4590358,-81.9522628,"F25X+J3 Fort Myers Beach, FL, USA",4.6,4252,2
ChIJRVnBUdg-24gRimXc-cepCOA,Sakura Chinatown,26.5192987,-81.9394283,"G396+P6 Fort Myers, FL, USA",4.0,125,1
ChIJcVn10rvh2ogRcLhFa3YAJ0c,HB's on the Gulf at The Naples Beach Hotel,26.1566272,-81.80872939999999,"554R+MG Naples, FL, USA",4.4,199,2
ChIJp-Z3mQzh2ogRLZyfV3MShoc,Sea Salt,26.1324042,-81.8022471,"45JX+X4 Naples, FL, USA",4.3,547,3
ChIJazMrCUAe24gRjuhy5Dne2sw,Shula's Steak House,26.20933149999999,-81.8016828,"655X+P8 Naples, FL, USA",4.2,399,3
ChIJgYseTAU924gRALhu7peadoY,Subway,26.4149297,-81.9003247,"C37X+XV Fort Myers, FL, USA",3.3,44,1
ChIJ1StG2h8f24gRlRW9bRbz2Xc,The Turtle Club,26.2550454,-81.8232474,"754G+2P Naples, FL, USA",4.6,1110,3
ChIJjyN0EOnh2ogRaBqrMCGefTk,Sarku Japan,26.1693459,-81.79420069999999,"5694+P8 Naples, FL, USA",4.3,51,1
ChIJXaWBWGAY24gRt7l6W2tvGig,Doc's Beach House,26.3319236,-81.8459261,"85J3+QJ Bonita Springs, FL, USA",4.3,2446,2
ChIJvTdLwgYHWYYR0iivMwEWGRM,Subway,30.4897912,-99.77157559999999,"F6QH+W9 Junction, TX, USA",4.3,40,1
ChIJYYAm0Q8HWYYRTTkFwGeEYIQ,Pizza Pro,30.49572699999999,-99.7786095,"F6WC+7H Junction, TX, USA",4.4,5,1
ChIJeUzcRA0HWYYR8QGFDhSYK5U,Subway,30.5056678,-99.7764062,"G64F+7C Junction, TX, USA",3.5,28,1
ChIJ58n_cHQHWYYR_Gb7APDZN48,Shell,30.5093327,-99.7731975,"G65G+PP Junction, TX, USA",2.7,24,2
ChIJCf6Ywg8HWYYR1mel7NGGu9k,La Familia Restaurant,30.4944444,-99.77861109999999,"F6VC+QH Junction, TX, USA",4.0,191,2
ChIJuw894w0HWYYRPAqUrz17psk,Lum's BBQ,30.4973039,-99.7786143,"F6WC+WH Junction, TX, USA",4.6,1054,2
ChIJ7Ulix3IHWYYRQ55iOL0DQzM,Cooper's Bar-B-Q & Grill,30.5101528,-99.7733366,"G66G+3M Junction, TX, USA",3.7,1377,2
ChIJI6hGAgUHWYYRzGsHfZijzWM,Isaack Restaurant,30.4911111,-99.77666669999999,"F6RF+C8 Junction, TX, USA",4.1,512,1
ChIJ6RwnuHIHWYYR-AINwceoOrc,McDonald's,30.5089621,-99.772965,"G65G+HR Junction, TX, USA",3.7,1735,1
ChIJJXnKRA0HWYYRVB63odhqDYw,Sonic Drive-In,30.50622529999999,-99.77791859999999,"G64C+FR Junction, TX, USA",3.5,266,1
ChIJR6wrRQ0HWYYRixhlpfjVyEg,Dairy Queen Store,30.507098,-99.77686399999999,"G64F+R7 Junction, TX, USA",3.7,330,1
ChIJtQFbxP_5WIYRVnwnvObhSEA,Back Door Cafe,30.4905033,-100.0563278,"FWRV+6F Roosevelt, TX, USA",4.5,36,1
ChIJMdj4FPOu44YR-QZNS6DjRMY,Subway,32.8429837,-104.4183369,"RHVJ+5M Artesia, NM, USA",4.2,74,1
ChIJy1RRYWGu44YRSD2WJXeoYQI,Subway,32.8473101,-104.427214,"RHWF+W4 Artesia, NM, USA",3.5,19,1
ChIJMdj4FPOu44YRDyUtQa06jgg,Little Caesars Pizza,32.8425421,-104.418624,"RHVJ+2H Artesia, NM, USA",3.4,147,1
ChIJueMspStp4oYRBQU0okQYAKI,Subway,33.3783078,-104.5223208,"9FHH+83 Roswell, NM, USA",4.0,238,1
ChIJg9ZQpCtp4oYRIviYZPBHlos,Little Caesars Pizza,33.378162,-104.52408,"9FHG+79 Roswell, NM, USA",3.9,426,1
ChIJc27JWLlu4oYRdLcMYXJoMlI,Subway,33.3944397,-104.5479302,"9FV2+QR Roswell, NM, USA",4.3,224,1
ChIJBazj1cGu44YRIsbKrFDFQP4,Kith+Kin Roasting Co,32.8426043,-104.4024602,"RHVX+22 Artesia, NM, USA",4.5,282,2
ChIJpxRneOqu44YRKKZLTq-1KX4,Everspring,32.84245799999999,-104.402566,"RHRW+XX Artesia, NM, USA",3.2,178,2
ChIJn-7z4Zqu44YRVsSb8w6FyGQ,Adobe Rose Restaurant,32.858078,-104.412428,"VH5Q+62 Artesia, NM, USA",4.3,716,2
ChIJbyXQTsGu44YR2SYX5FLkpd4,IHOP,32.841736,-104.3971533,"RJR3+M4 Artesia, NM, USA",3.4,598,1
ChIJczh4IcGu44YR8z2bIoZVTWQ,McAlister's Deli,32.8430424,-104.3981614,"RJV2+6P Artesia, NM, USA",4.2,615,2
ChIJg2_fL8Gu44YRSZ8I04CJCV0,Shell,32.8427636,-104.3972286,"RJV3+44 Artesia, NM, USA",3.3,8,2
ChIJayRJfsOu44YRlDM5sAkORSU,The Chaos Cafe,32.8378509,-104.396717,"RJQ3+48 Artesia, NM, USA",4.4,290,1
ChIJW3l4Otlu4oYR7-2VJXRjiR8,Peppers Grill & Bar,33.3981081,-104.5231991,"9FXG+6P Roswell, NM, USA",4.3,1166,2
ChIJuwTGGClp4oYRHAFTA4yJYxc,Burrito Express - South Main,33.3216329,-104.5236784,"8FCG+MG Roswell, NM, USA",4.4,210,1
ChIJnSsBOLJp4oYR40z19uqG-E8,Anitas,33.3227237,-104.5228785,"8FFG+3R Roswell, NM, USA",4.3,95,1
ChIJcahOUTNp4oYRQ3D9Y0dha2I,Domino's Pizza,33.37987289999999,-104.5363654,"9FH7+WF Roswell, NM, USA",4.2,258,1
ChIJtf-p7zgKsYcRldhVSHShQbQ,Eskimo Joe's,36.121889,-97.064129,"4WCP+Q8 Stillwater, OK, USA",4.5,3984,2
ChIJPQvSLeqgsYcRs1op417nj7o,Subway,36.11390389999999,-97.11913109999999,"4V7J+H8 Stillwater, OK, USA",3.8,34,1
ChIJUWWCWvtDsIcRnph6hSnemow,Subway,36.6510681,-97.3420354,"MM25+C5 Tonkawa, OK, USA",3.6,64,1
ChIJJ8IAGXn1sIcRI2eD20cG6d4,Subway,36.7035821,-97.0861757,"PW37+CG Ponca City, OK, USA",4.1,79,1
ChIJcapNY8_Tr4cRC-h9TrkKUoA,Subway,36.4194792,-97.9052246,"C39V+QW Enid, OK, USA",4.0,72,1
ChIJJQy9ToAJsYcR9b43etDdETA,Subway,36.14463300000001,-97.05332159999999,"4WVW+VM Stillwater, OK, USA",3.9,58,1
ChIJXUIT-7cJsYcRr8o54GtXuwA,Subway,36.17439079999999,-97.0702987,"5WFH+QV Stillwater, OK, USA",2.7,15,1
ChIJUSRYUUcKsYcR4RHv4I7btZE,Hideaway Pizza,36.119468,-97.065764,"4W9M+QM Stillwater, OK, USA",4.6,1095,2
ChIJYdK2FQfTr4cRP0DvfTt8DVc,Costello's Continental Cuisine,36.3885206,-97.90916179999999,"93QR+C8 Enid, OK, USA",4.4,108,2
ChIJc9sralbSr4cRIt6GN_NBEgo,Chili's Grill & Bar,36.39150169999999,-97.9223894,"93RH+J2 Enid, OK, USA",4.0,963,2
ChIJo49h0VjSr4cRMUY5uZNmQko,Papa John's Pizza,36.3914664,-97.9316133,"93R9+H9 Enid, OK, USA",3.7,117,1
ChIJ0_b3cPJfsIcRGWsQjEb0hvU,Enrique's Mexican Restaurant Inc,36.7291602,-97.10155239999999,"PVHX+M9 Ponca City, OK, USA",4.4,424,2
ChIJmROagWLSr4cRvzVl94lVs2Y,McDonald's,36.3882951,-97.9461044,"93Q3+8H Enid, OK, USA",3.2,310,1
ChIJ3U9Eiy8KsYcRyWR3Of94y1A,Papa John's Pizza,36.13255579999999,-97.0602198,"4WMQ+2W Stillwater, OK, USA",3.7,154,1
ChIJGX_YXjEKsYcRIuTb5c-aghI,Chili's Grill & Bar,36.1274283,-97.0552791,"4WGV+XV Stillwater, OK, USA",3.8,714,2
ChIJg7XFnSoKsYcR15eozbLkgzw,Texas Roadhouse,36.14188799999999,-97.05228,"4WRX+Q3 Stillwater, OK, USA",4.5,1269,2
ChIJIzfb5J7Tr4cRlYo5Ahkxu3c,Papa Murphy's | Take 'N' Bake Pizza,36.3951409,-97.89090709999999,"94W5+3J Enid, OK, USA",4.5,180,1
ChIJo5ollTIKsYcRik_Uqew_xU4,Taco Bueno,36.130324,-97.05097029999999,"4WJX+4J Stillwater, OK, USA",3.6,563,1
ChIJ7VHcnkoKsYcRcLhh-TonFEU,Golden Dragon Cafe,36.12123109999999,-97.0507771,"4WCX+FM Stillwater, OK, USA",4.5,1021,2
ChIJ6wq5RypoZIYRIcQKMWhhDdg,Church's Chicken,26.3716518,-98.79981699999999,"96C2+M3 Rio Grande City, TX, USA",3.9,218,1
ChIJCz82lMhpZIYR3BAtBhD2gk4,Subway,26.3980382,-98.8538705,"94XW+6F Rio Grande City, TX, USA",4.5,58,1
ChIJsUUR0fpCZIYR21i2JWQrvIA,Little Caesars Pizza,26.3710572,-98.8001927,"95CX+CW Rio Grande City, TX, USA",4.2,225,1
ChIJQ3EcBsJVYYYRPbDGm1taud4,Subway,26.9001286,-99.26518809999999,"WP2M+3W Zapata, TX, USA",4.4,74,1
ChIJ7ZC6RypoZIYR3ylunR7F2so,Stars Drive-in,26.3789716,-98.8076928,"95HR+HW Rio Grande City, TX, USA",4.3,194,1
ChIJky3gVvNCZIYROXsZh2X25IY,Casa De Adobe,26.37710299999999,-98.813858,"95GP+RF Rio Grande City, TX, USA",4.3,274,2
ChIJyyvDv2CqZoYRpJjjbIwm3PY,Dairy Queen,26.8960611,-99.26442779999999,"VPWP+C6 Zapata, TX, USA",4.2,228,1
ChIJOSDRICpoZIYRbOp0gTOwNqM,Whataburger,26.3715537,-98.79863759999999,"96C2+JG Rio Grande City, TX, USA",4.5,924,1
ChIJxy1d0fpCZIYRar8fqEW7DvQ,Taco Bell,26.37137329999999,-98.79833250000001,"96C2+GM Rio Grande City, TX, USA",4.3,257,1
ChIJo7cZr8NVYYYRlrsUwvq_m28,Church's Chicken,26.8959081,-99.2642723,"VPWP+97 Zapata, TX, USA",3.7,82,1
ChIJPdjy4ORCZIYReh6lBvQ_LMk,Subway,26.371019,-98.8002861,"95CX+CV Rio Grande City, TX, USA",4.1,30,1
ChIJ06VRlatEZIYRD-68UDJwqh8,McDonald's,26.37038799999999,-98.79834179999999,"96C2+5M Rio Grande City, TX, USA",3.8,611,1
ChIJg7eigkTNZYYRkLUuXy82Iv8,1017 Cafe,26.7157691,-98.4523469,"PG8X+83 San Isidro, TX, USA",4.6,53,1
ChIJHepSn3XNZYYRWb78zxRbenM,Lanes Cafe & Market,26.71356339999999,-98.4416923,"PH75+C8 San Isidro, TX, USA",4.5,155,2
ChIJaySwA6KeqIcRR2_Wcx7gtnk,Subway,36.8413931,-99.6300789,"R9R9+HX Buffalo, OK, USA",4.7,7,1
ChIJWyNZr9RypocRZfNemSDScCc,Dave's Pizza Oven,37.2702195,-99.3282814,"7MCC+3M Coldwater, KS, USA",4.8,223,2
ChIJ2aLyskYUpocR2UUjfKnVsWo,Don's Place & Gift Closet,37.2026306,-99.4839667,"6G38+3C Protection, KS, USA",4.7,109,1
ChIJb-mMnKtiqIcRW9xF6pIQDNY,Cocina De Lucia,36.70987759999999,-99.894087,"P454+X9 Laverne, OK, USA",3.8,56,1
ChIJVRtp4gSIqIcRY5hhjPE2DA0,Tiger Hut Cafe,36.704458,-99.8933655,"P434+QM Laverne, OK, USA",4.4,95,1
ChIJR2xr8SMI2oYRKKnMwtcJpsY,Little Caesars Pizza,31.3377307,-109.5617932,"8CQQ+37 Douglas, AZ, USA",4.2,170,1
ChIJEfy_6fI714YRc6yooL1VHf8,Big Nose Kate's Saloon,31.7123203,-110.066648,"PW6M+W8 Tombstone, AZ, USA",4.6,2982,2
ChIJz8lS5D8I2oYReMhxgVmMMYk,Subway,31.3449101,-109.5459051,"8FV3+XJ Douglas, AZ, USA",4.3,99,1
ChIJPSJL2EII2oYRonxkjq9wIPU,El Burron,31.3452894,-109.5341634,"8FW8+48 Douglas, AZ, USA",4.6,291,2
ChIJW90chCQI2oYRgK-aeVnFrUo,Subway,31.337637,-109.5619095,"8CQQ+36 Douglas, AZ, USA",4.0,24,1
ChIJR8nZx54CtYcR561ys3w6OeE,Pete's Place Restaurant,34.9258333,-95.7247222,"W7GG+84 Krebs, OK, USA",4.2,1716,3
ChIJATi26VqwtYcR_YEDSKR7FRQ,Subway,35.3059067,-95.5882943,"8C46+9M Eufaula, OK, USA",4.1,168,1
ChIJQ4cnERz9tIcRDf7W1WxcLJc,Subway,34.9308128,-95.7674972,"W6JM+82 McAlester, OK, USA",4.5,115,1
ChIJJZtWkEv9tIcRISqcPLbvQic,Mazzio's Italian Eatery,34.9117077,-95.7460373,"W763+MH McAlester, OK, USA",3.8,279,2
ChIJD5h6UU_9tIcR8zTO2o6xeYU,Little Caesars Pizza,34.9195969,-95.74567719999999,"W793+RP McAlester, OK, USA",3.9,294,1
ChIJZ9fyDkT9tIcRC1BdpB_DziU,Subway,34.9200933,-95.7427068,"W7C4+2W McAlester, OK, USA",4.2,268,1
ChIJaVKST2j9tIcRBPabVsfYezE,McDonald's,34.9264002,-95.7425612,"W7G4+HX McAlester, OK, USA",3.8,1273,1
ChIJq2WtVk_9tIcRED5_LyYwdFU,RibCrib BBQ,34.9199863,-95.745657,"W793+XP McAlester, OK, USA",4.2,658,2
ChIJKXm2T2j9tIcRb0iNcu64fQ0,A&W Restaurant,34.9459721,-95.8128344,"W5WP+9V McAlester, OK, USA",2.8,99,1
ChIJp-YX4EyqtYcR6NU5rxsCBPw,"Simple Simon's Pizza - Crowder, OK (inside Lakeside One Stop)",35.1251524,-95.6744059,"48GG+36 Crowder, OK, USA",4.4,22,1
ChIJicHL1R39tIcRqj3Ukp1YjW4,Boomarang Diner,34.9297821,-95.770216,"W6HH+WW McAlester, OK, USA",4.3,453,1
ChIJw00Gs079tIcRDgNA7HsfRlY,Arby's,34.9162759,-95.7460021,"W783+GH McAlester, OK, USA",4.1,702,1
ChIJqeEZRKX9tIcRfQ8ctdPVLPE,The Blaze’N Glory Bar & Grill,34.9553229,-95.7609657,"X64Q+4J McAlester, OK, USA",4.3,170,2
ChIJj09dXgastYcRSeJlnloq48o,Shell,35.1724307,-95.65136249999999,"58CX+XF Canadian, OK, USA",3.9,27,2
ChIJaU7fLU77tIcRzTPDVRDC3WQ,McDonald's,34.90732819999999,-95.8255758,"W54F+WQ McAlester, OK, USA",3.7,793,1
ChIJJ1CBl2n9tIcRJ5iXbauJ0yI,Sake Japanese Restaurant,34.9268011,-95.7450341,"W7G3+PX McAlester, OK, USA",4.3,286,2
ChIJFZtITmj9tIcRUWcno9wZHng,Long John Silver's,34.9269397,-95.7429504,"W7G4+QR McAlester, OK, USA",2.5,318,1
ChIJPVwMEKkgTk0RWvOQ45UVuUU,Subway,46.5577478,-87.3959813,"HJ53+3J Marquette, MI, USA",3.9,96,1
ChIJlRPixUHfUU0RHV86eYv-EmU,Subway,46.5460487,-87.4184298,"GHWJ+CJ Marquette, MI, USA",4.0,94,1
ChIJUQQh4HSMTk0RfFKrQIOQo5k,Subway,46.41083829999999,-86.6535866,"C86W+8H Munising, MI, USA",4.2,242,1
ChIJs8tSvpggTk0RezN9T1k8M0I,Donckers,46.5432497,-87.3945115,"GJV4+75 Marquette, MI, USA",4.6,830,2
ChIJP-qQ1aUgTk0RQnFW-3RFCz4,Vango's Pizza & Cocktail Lounge,46.5520887,-87.39506999999999,"HJ23+RX Marquette, MI, USA",4.5,957,1
ChIJYZoDX5ggTk0R5aRi2P88xH4,The Vierling Restaurant & Marquette Harbor Brewery,46.5425712,-87.3929381,"GJV4+2R Marquette, MI, USA",4.5,988,2
ChIJrbY3TsPeUU0Rj7YayaI5fKg,Applebee's Grill + Bar,46.5499738,-87.4530375,"GGXW+XQ Marquette, MI, USA",4.1,833,2
ChIJU9Bw2Lz9UU0R76IIygSoz1A,Subway,46.2780299,-87.4344854,"7HH8+66 Gwinn, MI, USA",4.1,136,1
ChIJMRVOdp8gTk0RyX1A42ESVyA,Little Caesars Pizza,46.5438258,-87.3980066,"GJV2+GQ Marquette, MI, USA",3.8,136,1
ChIJhWogbL_eUU0Rjj1phh84zC4,Starbucks,46.5488528,-87.4562254,"GGXV+GG Brookton Corners, Marquette, MI, USA",4.2,245,2
ChIJse-5EnWMTk0R25bUm5A3PnY,Falling Rock Cafe & Bookstore,46.41124199999999,-86.65482899999999,"C86W+F3 Munising, MI, USA",4.7,1239,1
ChIJuZ14Go-LTk0Rj5I_akHe_S8,The Duck Pond Eatery and Beer Garden,46.43772120000001,-86.7040786,"C7QW+39 Munising, MI, USA",4.0,343,2
ChIJmaSvB5IQTk0RMtMA1CdOoRA,A & M Cafe,46.3776359,-87.2323995,"9QH9+32 Skandia, MI, USA",4.6,316,1
ChIJefSjzEHfUU0RbpqDBfP185w,Hardee's,46.5464412,-87.4203261,"GHWH+HV Marquette, MI, USA",3.9,356,1
ChIJ4xJ3rdAhTk0RZJMNkqKCM-Q,The Dry Dock Bar & Grill,46.49144259999999,-87.35414829999999,"FJRW+H8 Harvey, MI, USA",4.4,428,1
ChIJlz4QXi9uTk0RJjQk-n3_5lQ,Snack Bar,46.3542308,-86.9705755,"923H+MQ Chatham, MI, USA",4.8,96,1
ChIJ9beBTDNQn4cR1IjqNMmz-xc,Subway,39.7557079,-99.3227098,"QM4G+7W Phillipsburg, KS, USA",4.2,69,1
ChIJHyQdjFL3oYcRz6mrJRebhVE,Pizza Hut,39.43648609999999,-99.2760471,"CPPF+HH Stockton, KS, USA",4.1,36,1
ChIJ6du85JSvmIcRjl2a_xdSzcQ,Rusty Tractor,39.7714067,-99.0313268,"QXC9+HF Kensington, KS, USA",4.5,186,2
ChIJhXMOZc5Wn4cRcw9apqg2QnQ,Triple C Cafe,39.6836111,-99.3097222,"MMMR+C4 Glade, KS, USA",4.8,98,1
ChIJP15iGrGZmIcR2H1KD6q8v-c,Subway,39.78543459999999,-98.78441409999999,"Q6P8+56 Smith Center, KS, USA",4.0,52,1
ChIJ3xlNCcxRn4cRWq6C2ES-i9s,Godfather's Pizza Express,39.755587,-99.31836299999999,"QM4J+6M Phillipsburg, KS, USA",4.5,6,2
ChIJRfA0xqlvoocR8s5YUvlaD1Q,Pizza Hut,39.452049,-98.6962125,"F823+RG Osborne, KS, USA",4.1,96,1
ChIJvdPunXtuoocRv1yw7Q3htiQ,Circle Inn,39.45355929999999,-98.69539139999999,"F833+CR Osborne, KS, USA",4.3,93,1
ChIJ2VE3nRpvoocRKyAKxS1eVw4,Subway,39.43843529999999,-98.69403460000001,"C8Q4+99 Osborne, KS, USA",4.4,68,1
ChIJa52WYenEmIcRZVAmvN8yFM8,Casey's,40.1017892,-98.95177480000001,"422X+P7 Franklin, NE, USA",4.7,15,1
ChIJx2uEOMlgn4cRQmci7oP2Qeo,Logan Main Street Pizza,39.6618499,-99.57016030000001,"MC6H+PW Logan, KS, USA",4.7,56,2
ChIJA2LbibyZmIcRnOrguZoYPhk,Jiffy Burger,39.78479749999999,-98.7750571,"Q6MF+WX Smith Center, KS, USA",4.7,527,1
ChIJeUTjlDNQn4cR0hMt6hirbCo,Sonic Drive-In,39.75524059999999,-99.30606879999999,"QM4V+3H Phillipsburg, KS, USA",3.4,200,1
ChIJI_w-TKmZmIcRaBdmgyFePgs,Las Canteras Méxican Restuaraunt,39.7756633,-98.7859654,"Q6G7+7J Smith Center, KS, USA",4.5,157,1
ChIJe5H1GrGZmIcRCs_RUYVC4rU,Casey's,39.7845783,-98.78824689999999,"Q6M6+RP Smith Center, KS, USA",4.1,52,1
ChIJa8yLbLGZmIcR8VWSbluhjas,Pizza Hut,39.7854326,-98.7870616,"Q6P7+55 Smith Center, KS, USA",3.9,63,1
ChIJcWi7qH8lDIcRkLfb37-KQ7s,Subway,38.0984619,-102.6186715,"39XJ+9G Lamar, CO, USA",4.1,164,1
ChIJte2Byt1SDIcRWRz4aP7l1pw,Subway,38.4889136,-102.7846375,"F6Q8+H4 Eads, CO, USA",4.1,56,1
ChIJvSUXByQyDIcRnhMpe8whHl8,Cornerstone Cafe & Coffee Shop,38.15342189999999,-102.7199605,"573J+92 Wiley, CO, USA",4.8,59,1
ChIJK0qz7fElDIcREUCycy42w20,Dunkin',38.0969729,-102.6190051,"39WJ+Q9 Lamar, CO, USA",3.2,48,1
ChIJf8_wF4AlDIcRwkHDEEIneBc,Godfather's Pizza Express,38.09597349999999,-102.6202309,"39WH+9W Lamar, CO, USA",4.4,34,2
ChIJTSXwe4YlDIcRxcJy9iGQ4rM,Godfather's Pizza Express,38.0885087,-102.6163343,"39QM+CF Lamar, CO, USA",4.4,11,2
ChIJx_Ug9n4lDIcRb0lNIFHkhTY,Hickory House,38.1002819,-102.6190947,"492J+49 Lamar, CO, USA",4.3,575,2
ChIJt-olyYclDIcRh8XzC4anzL0,Las Brisas Restaurant,38.0869703,-102.6196028,"39PJ+Q5 Lamar, CO, USA",4.1,251,1
ChIJRa23VH4lDIcRUOLm0THILSo,McDonald's,38.0995373,-102.6194373,"39XJ+R6 Lamar, CO, USA",3.6,766,1
ChIJKw1qBIslDIcRVCdI1GakhnE,Little Caesars Pizza,38.077448,-102.6181177,"39GJ+XQ Lamar, CO, USA",4.2,104,1
ChIJ6_KKGIslDIcRItRlZS_TZ0w,Green Garden,38.0762866,-102.6176294,"39GJ+GW Lamar, CO, USA",4.2,90,2
ChIJZ3dvRIAlDIcRZzD4hi-wUao,Pizza Hut,38.0961599,-102.619535,"39WJ+F5 Lamar, CO, USA",3.4,202,1
ChIJZ9D9aOxSDIcRNsqgV6A4iX8,JJ's Restaurant,38.477068,-102.775496,"F6GF+RR Eads, CO, USA",4.4,184,2
ChIJWffW4NxSDIcRK3mJW6hrduM,Hometown Gas and Grill,38.4843434,-102.785546,"F6M7+PQ Eads, CO, USA",4.3,158,1
ChIJXU0WnTRTDIcROzaVP_A5rMQ,Godfather's Pizza Express,38.4935414,-102.7854126,"F6V7+CR Eads, CO, USA",5.0,2,2
ChIJCwTDrn8lDIcRI-Eq7feVdl4,Sonic Drive-In,38.0991871,-102.6194234,"39XJ+M6 Lamar, CO, USA",3.8,347,1
ChIJJ_7TZ4Eb74cRyx4p9CJfouQ,Maid-Rite,41.6746026,-93.0130171,"MXFP+RQ Newton, IA, USA",1.5,2,1
ChIJ08KE3aNN74cR-Ruy-x44ASk,Subway,41.2956319,-92.6547334,"78WW+74 Oskaloosa, IA, USA",4.1,80,1
ChIJ61cwdaE674cRw5dP-i3H9Yo,Subway,41.4058176,-92.9176657,"C34J+8W Pella, IA, USA",3.9,46,1
ChIJOxcUZeXV7ocRgPyoFNLC1wQ,Subway,41.30943889999999,-93.1100869,"8V5Q+QX Knoxville, IA, USA",4.2,177,1
ChIJuU29Artg74cRungLrv2XyGg,Subway,41.5856884,-92.5264632,"HFPF+7C Montezuma, IA, USA",3.7,58,1
ChIJmzIxwLpt74cR0u6iUQ8aFKQ,Subway,41.70042350000001,-92.7262964,"P72F+5F Grinnell, IA, USA",3.9,141,1
ChIJdXyu5oXf7ocR4Cvi8S-u1ac,Subway,41.50863199999999,-93.10046,"GV5X+FR Monroe, IA, USA",4.1,87,1
ChIJ34YMaiXH6IcR_Q69cUEQ3zY,Subway,41.01617019999999,-92.8095476,"258R+F5 Albia, IA, USA",3.9,117,1
ChIJY0iwZ2hy74cRgdzlFNrJ9_o,Subway,41.7464249,-92.727069,"P7WF+H5 Grinnell, IA, USA",4.2,77,1
ChIJ1xuQXOoc74cRkjJNZKkz6TU,Subway,41.6990127,-93.04059230000001,"MXX5+JQ Newton, IA, USA",4.1,190,1
ChIJiWl94dtN74cR6KOlyl2U3eI,The Peppertree,41.325348,-92.644481,"89G4+46 Oskaloosa, IA, USA",4.2,181,2
ChIJS2NVMFgc5ocR0e_8D3Orfvc,Subway,41.0502128,-92.41115789999999,"3H2Q+3G Ottumwa, IA, USA",4.0,108,1
ChIJVetkag0d74cR7tGQQSlF9jo,Subway,41.68881529999999,-93.0765107,"MWQF+G9 Newton, IA, USA",4.0,64,1
ChIJnYKPrIYe5ocRfov9gYcu0wo,Subway,41.00948369999999,-92.41624449999999,"2H5M+QG Ottumwa, IA, USA",4.2,212,1
ChIJDZUfFmly74cRLS5wdio5ZTE,Pagliai's Grinnell,41.744431,-92.724811,"P7VG+Q3 Grinnell, IA, USA",4.6,601,2
ChIJxdtO-Hww74cRcD_FDUgq4AY,Subway,41.39744140000001,-92.8998945,"94W2+X2 Pella, IA, USA",4.2,45,1
ChIJKzwoEyhHnFQR-K-Wu2PYC50,Fusion Cafe,47.93403539999999,-119.0331135,"WXM8+JQ Electric City, WA, USA",4.8,140,2
ChIJMfX8_gJHnFQR9YD9Am3eR1o,Pepper Jack Bar & Grill,47.94166670000001,-119.0022222,"WXRX+M4 Grand Coulee, WA, USA",3.9,308,2
ChIJZaHuFAlHnFQRH_neex5V_84,Lapresa Mexican Restaurant,47.9334922,-118.989891,"W2M6+92 Grand Coulee, WA, USA",4.6,317,2
ChIJz-v5_gJHnFQRkrLvmwnhY3c,Hometown Pizza,47.940355,-119.0112971,"WXRQ+4F Grand Coulee, WA, USA",4.1,213,2
ChIJ0wE4wANHnFQRpFeVu24ObcI,Siam Palace,47.9406341,-119.0026,"WXRW+7X Grand Coulee, WA, USA",4.2,153,2
ChIJ12tmA4xOmYcRQ7pIBmZBqJM,Subway,40.71600569999999,-99.08555179999999,"PW87+CQ Kearney, NE, USA",3.8,49,1
ChIJZQWLS2FOmYcR5dODojZO8RI,Subway,40.72643619999999,-99.08103609999999,"PWG9+HH Kearney, NE, USA",4.2,13,1
ChIJnccoNqBOmYcRBu3IWKm8P_0,Subway,40.6991217,-99.0997228,"MWX2+J4 Kearney, NE, USA",3.9,47,1
ChIJazqRzmC6nocRCoHwx5cpjpY,Subway,40.6925011,-99.38155669999999,"MJV9+29 Elm Creek, NE, USA",3.3,26,1
ChIJV1BVP75OmYcRUSOzspU1oKg,Jimmy John's,40.7012278,-99.08328759999999,"PW28+FM Kearney, NE, USA",4.2,158,1
ChIJVf5c1HhcnIcRTrslb_OAABo,Subway,41.4015254,-99.6297597,"C92C+J3 Broken Bow, NE, USA",4.0,53,1
ChIJSW_dLceEnocROElFZ4_aVA8,Little Caesars Pizza,40.765583,-99.7402267,"Q785+6W Lexington, NE, USA",4.0,173,1
ChIJHXEBlGZOmYcRCBcnN13sZgY,Papa John's Pizza,40.7286357,-99.0842074,"PWH8+F8 Kearney, NE, USA",4.3,74,1
ChIJufjM07hOmYcRMhH5t47O5sU,Thunderhead Brewing,40.696793,-99.080867,"MWW9+PM Kearney, NE, USA",4.5,623,2
ChIJ95GaFIRbnIcRZvox3pAN7Is,China Garden Restaurant,41.401625,-99.6413333,"C925+JF Broken Bow, NE, USA",3.6,75,2
ChIJTW5uucNOmYcR6tMANHwoU00,Pizza Hut,40.699971,-99.07181829999999,"MWXH+X7 Kearney, NE, USA",3.3,66,1
ChIJ-62y4LLmm4cRG_7K7RauPlA,Subway,41.0176412,-98.91207639999999,"239Q+35 Ravenna, NE, USA",4.0,37,1
ChIJf2JLkL9OmYcRre0i-z2k7Ks,Casey's,40.6999049,-99.0794143,"MWXC+X6 Kearney, NE, USA",3.9,47,1
ChIJoYEgeI9OmYcRsopY0yqO9oI,Casey's,40.7143003,-99.09002869999999,"PW75+PX Kearney, NE, USA",4.3,15,1
ChIJeyHVlWZOmYcRMAdjOk1924c,Taco Bell,40.7292654,-99.08309349999999,"PWH8+PQ Kearney, NE, USA",4.0,393,1
ChIJxxd-8mZOmYcRmoWNoBT10ls,Applebee's Grill + Bar,40.7287921,-99.08319519999999,"PWH8+GP Kearney, NE, USA",3.9,834,2
ChIJtwAq52ZOmYcRBoUnOpDsHj4,Taco John's,40.7286427,-99.08250009999999,"PWH8+FX Kearney, NE, USA",3.8,131,1
ChIJy9XFb2FOmYcRo_IAmr9FGOQ,Buffalo Wild Wings,40.7259465,-99.08470299999999,"PWG8+94 Kearney, NE, USA",4.0,648,2
ChIJHz0pDfZVhYcROhNDy7VSZ54,Subway,42.3506118,-97.7911785,"9625+6G Plainview, NE, USA",4.5,36,1
ChIJqyK7kiF5hYcR-bxDfPg5eb0,Casey's,42.8603145,-97.89292549999999,"V464+4R Springfield, SD, USA",4.3,14,1
ChIJeSQ3_PlxhYcRHgRtfSyX_8I,Country Cafe,42.74671649999999,-98.0415958,"PXW5+M9 Niobrara, NE, USA",4.6,150,1
ChIJh1_sJlFahYcRfJmu6Yi9ars,Subway,42.4667758,-97.91014469999999,"F38Q+PW Creighton, NE, USA",4.5,60,1
ChIJF0LAM9yWj4cRIijL4hKyFv4,Subway,42.7292959,-97.5062057,"PFHV+PG Crofton, NE, USA",3.9,77,1
ChIJL3SmuVfbhIcRmHOvl3B2F5g,Godfather's Pizza,42.45676439999999,-98.6338165,"F948+PF O'Neill, NE, USA",3.2,5,2
ChIJfx6Qf2DbhIcRZJn9lGeAmu8,Taco John's,42.4580397,-98.63769339999999,"F956+6W O'Neill, NE, USA",3.9,145,1
ChIJZ3XfcTUGhYcRCbBhrxvaJUM,Monowi Tavern,42.8287608,-98.32962429999999,"RMHC+G5 Lynch, NE, USA",4.8,176,1
ChIJTSsx_lBahYcRyE3kafVUGRs,Bulldog's Sports Lounge,42.4666919,-97.9067804,"F38V+M7 Creighton, NE, USA",4.8,32,1
ChIJD8cn96d3hYcR5G-pe4jP_ng,The Dock,42.7762986,-97.98744669999999,"Q2G7+G2 Springfield, SD, USA",4.8,5,1
ChIJSdij-JrHJIgRq60pe-oHB6c,Z's Lindy Country Club,42.73418999999999,-97.74122899999999,"P7M5+MG Bloomfield, NE, USA",4.7,65,2
ChIJ4wm_ymXJmocR97NhKNyiv4Y,L Bar B Steakhouse,42.1739578,-98.193077,"5RF4+HQ Clearwater, NE, USA",4.3,108,2
ChIJmYaWksrcUk0Rg6sGI6ytRmg,Subway,45.22126069999999,-87.9960887,"62C3+GH Crivitz, WI, USA",3.3,15,1
ChIJo-gARxJqU00RlrfSC89hS58,Subway,45.30084430000001,-88.5246513,"8F2G+84 Lakewood, WI, USA",4.3,74,1
ChIJYz4IvVexUk0RoGrq4rxPh98,Subway,45.0539107,-87.7613373,"363Q+HF Peshtigo, WI, USA",4.0,79,1
ChIJq2OVH06uUk0RYv8iqtWBU_4,Subway,45.0821975,-87.65987779999999,"38JR+V2 Marinette, WI, USA",4.3,87,1
ChIJLeGZqUtEUk0RzKNL43pN7kU,Subway,45.7869158,-87.9141384,"Q3PP+Q8 Norway, MI, USA",4.0,30,1
ChIJZfAcoHxMUk0Rv1LeFfBru-E,Subway,45.8030276,-88.069244,"RW3J+68 Kingsford, MI, USA",4.1,106,1
ChIJp9C_hYHRUk0RCPQBM8RsgWM,Subway,45.0623044,-88.04474650000002,"3X64+W4 Coleman, WI, USA",3.5,153,1
ChIJ92Ln-rjGUk0R5AsiiA4NVyU,Loopy's Bar & Grill,45.19312009999999,-87.90026689999999,"53VX+6V Porterfield, WI, USA",4.6,113,1
ChIJedGkzvniUk0RClRiMIphIBU,Jungle Jim's Pub & Grub,45.39632,-88.271446,"9PWH+GC Athelstane, WI, USA",4.7,254,1
ChIJ6zlwYbPcUk0RSKMnR9EtWl4,Sky Harbor 2,45.2531776,-87.9928359,"7234+7V Crivitz, WI, USA",4.7,185,1
ChIJD65cspXhUk0RrtFRafJlaUk,Al and Kelly's Newton Lake Inn,45.3412261,-88.1224953,"8VRH+F2 Athelstane, WI, USA",4.6,115,1
ChIJ_ds9p4HiUk0RQQ38VHIXPXs,Dawn & Bobs Firelane Bar & Grill,45.3999764,-88.13933399999999,"9VX6+X7 Athelstane, WI, USA",4.7,82,1
ChIJpY1KsQvRUk0RJ-ZCEjVg5jA,Katie's Subs,45.0939979,-88.03363069999999,"3XV8+HG Pound, WI, USA",4.9,81,1
ChIJV3gPZkDQUk0R16rKg_Ck9B0,Bob & Laura's Supper Club,45.1116752,-88.0234146,"4X6G+MJ Pound, WI, USA",4.4,197,2
ChIJa8h_vPagi4cRDCSWwRrMXAM,Subway,43.993374,-95.7567205,"X6VV+88 Slayton, MN, USA",4.2,73,1
ChIJGwHMcrpNi4cR4VFa09D3R9Q,Subway,43.8579144,-95.11616889999999,"VV5M+5G Windom, MN, USA",4.1,151,1
ChIJ3_GnXDwCi4cRHhNVOBGPn9k,Subway,44.2383251,-95.6313306,"69Q9+8F Tracy, MN, USA",4.4,84,1
ChIJe2q8eI2CjIcRfeZSs3NGIXk,Subway,43.6338132,-95.5943511,"JCM4+G7 Worthington, MN, USA",3.7,146,1
ChIJbw7Y5i1yi4cRgzqIjnpZpW0,Casey's,43.8721112,-95.59310760000001,"VCC4+RQ Fulda, MN, USA",3.9,16,1
ChIJ22s5aF-qi4cRkbM99rwYctc,Bitton's Roadhouse,44.2165217,-95.75546399999999,"668V+JR Garvin, MN, USA",4.7,205,2
ChIJ7Z1uqFtMi4cRi1N_M-m8rzI,Jack Slades Steakhouse,43.8802941,-95.109234,"VVJR+48 Windom, MN, USA",4.1,161,2
ChIJ27Pce7RNi4cR5IklbgmaE0M,Plaza Jalisco Mexican Restaurant,43.8646997,-95.1175157,"VV7J+VX Windom, MN, USA",4.5,276,2
ChIJI9AQolJYiocRlbi16rOXFlU,Subway,44.4329364,-95.7674861,"C6MM+52 Marshall, MN, USA",3.4,27,1
ChIJl5nV7Om8uIcRhMsO6dMoeBc,Casey's,43.6398901,-95.5939823,"JCQ4+XC Worthington, MN, USA",2.9,24,1
ChIJTWqr0OuCjIcRDBcaMcLPIZ4,Casey's,43.63057709999999,-95.5857656,"JCJ7+6M Worthington, MN, USA",4.0,11,1
ChIJb1xqV-2CjIcRs3VilsQlFj0,Dairy Queen Grill & Chill,43.63452119999999,-95.5926234,"JCM4+RX Worthington, MN, USA",3.7,190,1
ChIJ-5o38y9Wi4cRooSBRosDMF4,THE SHED CHILL n' GRILLE,43.6825,-95.175,"MRMG+22 Lakefield, MN, USA",4.5,173,2
ChIJg4AD_PGCjIcR8WZbKJS6KH4,Jimmy John's,43.6302901,-95.5932125,"JCJ4+4P Worthington, MN, USA",4.1,157,1
ChIJdXUnCeIHi4cRNQKLiNdTBTg,Key Largo,44.1052548,-95.71494589999999,"474P+42 Slayton, MN, USA",4.3,206,2
ChIJY3W5GKYbmocR2JqgPieaGHk,Subway,41.1109055,-98.0093648,"4X6R+97 Central City, NE, USA",4.2,133,1
ChIJU9gbKUzwmYcRQUk_QsxOgk0,Subway,40.8703518,-97.99704949999999,"V2C3+45 Aurora, NE, USA",3.4,14,1
ChIJhWzr1SHimYcR0ZIMdMjZYGY,Subway,40.81764759999999,-97.80655379999999,"R59V+39 Henderson, NE, USA",4.2,85,1
ChIJteZAyXVtmocRl10mQQm7RcM,Subway,41.35807089999999,-97.9770621,"925F+65 Fullerton, NE, USA",4.2,54,1
ChIJRUbpvV5Fl4cRDBs9Y-JnslA,"Chances """"R"""" Restaurant & Lounge",40.86614069999999,-97.5938449,"VC84+FF York, NE, USA",4.3,991,2
ChIJ42PRa6gbmocRi-JtoC7cmKw,Dairy Queen Grill & Chill,41.1143445,-98.0048657,"4X7W+P3 Central City, NE, USA",4.1,342,1
ChIJLyhb7vDrkIcR_pPl5wEtKMc,Subway,41.4384206,-97.3651046,"CJQM+9X Columbus, NE, USA",4.3,129,1
ChIJYyiSfvzrkIcRzO-yvwMJ5qM,Little Caesars Pizza,41.43913,-97.35721,"CJQV+M4 Columbus, NE, USA",4.0,110,1
ChIJeS8y0dtEl4cRb_ZR0KFK9jU,Wendy's,40.82427810000001,-97.59689589999999,"RCF3+P6 York, NE, USA",4.1,711,1
ChIJ1TLU0ttEl4cRDNWjNxRFDQM,Arby's,40.8236989,-97.5987703,"RCF2+FF York, NE, USA",4.1,473,1
ChIJuQngy-qwkIcR5txq3VlpR9A,Casey's,41.1817166,-97.54750879999999,"5FJ2+MX Osceola, NE, USA",3.0,30,1
ChIJTWUz8dhEl4cRGzLiXD7ll2c,Taco John's,40.8275883,-97.59687919999999,"RCH3+26 York, NE, USA",3.4,384,1
ChIJ_wKXUfJPl4cRidctNoLwe_I,Taco John's,40.8782932,-97.5926046,"VCH4+8X York, NE, USA",3.2,123,1
ChIJaz290fexkIcRVc6oDifN6Yc,Casey's,41.11181279999999,-97.5978165,"4C62+PV Stromsburg, NE, USA",4.0,28,1
ChIJqxvUEmtIl4cRLnoIOKW6Npo,Hunter's Restaurant & Lounge,40.8953011,-97.4617993,"VGWQ+47 Waco, NE, USA",4.5,193,2
ChIJX6hdFnJtmocR08j1b9bRyPU,Casey's,41.35613300000001,-97.9759244,"924F+FJ Fullerton, NE, USA",4.6,20,1
ChIJX3JEHvexkIcRPRJkN0Fy9SY,Subway,41.1145176,-97.5980467,"4C72+RQ Stromsburg, NE, USA",4.2,51,1
ChIJ441NQVdC34cRyU0OTxbxQnY,Josephine's Tea Room & Gift Shops,38.9558378,-90.1900903,"XR45+8X Godfrey, IL, USA",4.5,593,2
ChIJW2WbSTsT34cRpwfjR8jn4vI,Subway,39.10165499999999,-90.3134086,"4M2P+MJ Jerseyville, IL, USA",4.3,100,1
ChIJZVhui2JE34cR3fWtwDF6Xdc,Ragin Cajun Piano Bar,38.8913935,-90.18816319999999,"VRR6+HP Alton, IL, USA",4.3,255,2
ChIJS-lj6_2CdYgRubK5koWs-RE,Subway,39.28002,-89.88234390000001,"74J9+23 Carlinville, IL, USA",4.4,94,1
ChIJg34qQEY934cRekNzZzAsv3Q,Grafton Winery & Brewhaus,38.97014739999999,-90.4391211,"XHC6+39 Grafton, IL, USA",4.3,248,2
ChIJWyBqJplD34cRkHL9WpaXipk,Subway,38.9223373,-90.1925754,"WRC4+WX Alton, IL, USA",4.3,23,1
ChIJEU0Xd6FD34cRo__9oNB6niQ,Little Caesars Pizza,38.941032,-90.19171,"WRR5+C8 Godfrey, IL, USA",4.2,297,1
ChIJRwrCGqWLdYgR6k8-M6_7fto,Subway,39.0357246,-89.9519017,"22PX+76 Bunker Hill, IL, USA",3.9,57,1
ChIJr5TnapFE34cRP2mPqwOCl5c,Subway,38.8896768,-90.1741158,"VRQG+V9 Alton, IL, USA",3.8,130,1
ChIJV28jxumidYgRitSJjr0ForE,Ruby Tuesday,39.177271,-89.675765,"58GF+WM Litchfield, IL, USA",4.2,671,2
ChIJRZl9x_ek34cRnUQwKT-BauA,Subway,39.44564279999999,-90.4014079,"CHWX+7C White Hall, IL, USA",4.1,44,1
ChIJkcEI_VyQdYgR0H77tU3GeU8,Subway,39.1278131,-89.81786079999999,"45HJ+4V Gillespie, IL, USA",4.1,82,1
ChIJ0-zC1FRb34cRbDnqurby5Ro,Little Caesars Pizza,38.90140999999999,-90.14855999999999,"WV22+HH Alton, IL, USA",3.8,188,1
ChIJH_QlHFRC34cRMThhqCWxTj0,Subway,38.9495773,-90.1893059,"WRX6+R7 Godfrey, IL, USA",4.2,103,1
ChIJNWURbypZ34cRHynYxlWhVwk,Subway,38.8998625,-90.0382863,"VXX6+WM Bethalto, IL, USA",4.1,109,1
ChIJLzgHFWmTdYgR09Gc1YYvbYc,Subway,39.0119411,-89.7882952,"2666+QM Staunton, IL, USA",4.0,61,1
ChIJD3hHL2Fc34cRzytC6BusoZ0,Castelli's Restaurant at 255,38.922006,-90.10853999999999,"WVCR+RH Alton, IL, USA",4.5,1019,2
ChIJHS3S_uSidYgRBvi8X3LXEXw,Subway,39.1842131,-89.6701621,"58MH+MW Litchfield, IL, USA",3.9,94,1
ChIJ3eVjhJdb34cR-vbPXCb9zdw,Subway,38.8848467,-90.10161629999999,"VVMX+W9 East Alton, IL, USA",3.7,65,1
ChIJM1Sgx29Z34cRrAkdNYpkTz0,Subway,38.87019919999999,-90.0702562,"VWCH+3V Wood River, IL, USA",4.0,138,1
ChIJUYil6axg14ARy9PwKQbEtEo,Subway,32.6807252,-115.499869,"MGJ2+73 Calexico, CA, USA",4.3,82,1
ChIJXYMQqCXg2YAR4WG_XognrBM,Subway,32.818356,-115.674341,"R89G+87 El Centro, CA, USA",3.9,37,1
ChIJX6vLzmxl14ARFdEiKAu4uis,Taco Bell,32.6976406,-115.4964913,"MGX3+3C Calexico, CA, USA",4.1,404,1
ChIJbUFQYe5m14ARXkCik0X1k0s,Famous Dave's Bar-B-Que,32.765432,-115.534459,"QF88+56 El Centro, CA, USA",4.4,822,2
ChIJxW3shLV614ARKQ7Lam43dU8,Jack in the Box,32.6660339,-115.4966117,"MG83+C9 Calexico, CA, USA",4.4,2752,1
ChIJY1G5Czll14AR-iOJJnb_8uI,Little Caesars Pizza,32.6806175,-115.4994471,"MGJ2+66 Calexico, CA, USA",4.2,202,1
ChIJuVGudDZl14AR1zVuprPFODc,Pizza Hut,32.6973144,-115.4984322,"MGW2+WJ Calexico, CA, USA",4.5,379,1
ChIJN8DTEs1g14ARHQl1nMc4lbQ,Starbucks,32.791541,-115.570189,"QCRH+JW El Centro, CA, USA",4.3,464,2
ChIJ5aFCrNNtkogR_xNiOPx8va4,Subway,31.336694,-85.8561112,"84PV+MH Enterprise, AL, USA",4.1,78,1
ChIJ8UYSntVtkogRU0vStZN-Uq0,Little Caesars Pizza,31.3363961,-85.8519764,"84PX+H6 Enterprise, AL, USA",3.9,273,1
ChIJXSP6DQmSkogRW0BNjaTcVRM,Little Caesars Pizza,31.257868,-85.432014,"7H59+45 Dothan, AL, USA",4.0,258,1
ChIJn0eZbcWSkogRugUbADMPn7w,Subway,31.1953898,-85.4099607,"5HWR+52 Dothan, AL, USA",4.2,169,1
ChIJ0chM6vuNkogRmDkT8YLoiJw,Moe's Southwest Grill,31.2660436,-85.4437039,"7H84+CG Dothan, AL, USA",4.0,363,1
ChIJObiIocmTkogRS_GaLxyBwMA,Subway,31.251287,-85.38919059999999,"7J26+G8 Dothan, AL, USA",4.2,122,1
ChIJiVcZMvmNkogRVgbnqAdo1Pc,Subway,31.2680702,-85.4411571,"7H95+6G Dothan, AL, USA",3.8,27,1
ChIJhYoIhltkkogRTFQDffZdbBk,Subway,31.3131507,-85.71188219999999,"877Q+76 Daleville, AL, USA",4.3,111,1
ChIJz6OYFzONkogRCM6IXviEmxo,Subway,31.1843997,-85.4657316,"5GMM+QP Dothan, AL, USA",3.8,49,1
ChIJ6YfA7PhukogRhwF04V4N4PQ,Subway,31.3302383,-85.8142486,"85JP+38 Enterprise, AL, USA",4.2,78,1
ChIJV8n0GZNukogRdrXOWsKwa28,Subway,31.3175559,-85.82972509999999,"859C+24 Enterprise, AL, USA",3.8,143,1
ChIJyahLTzNkkogRP32YVBpgPRs,Subway,31.3005782,-85.72561259999999,"872F+6Q Daleville, AL, USA",4.3,58,1
ChIJ4XEsj4CSkogRocFQs9NPZXk,Subway,31.2267374,-85.434969,"6HG8+M2 Dothan, AL, USA",4.3,122,1
ChIJFzoJ4iztkogRCwHKF_V9_kM,Subway,31.17912450000001,-85.40451929999999,"5HHW+J5 Dothan, AL, USA",2.9,19,1
ChIJhbgVYFKMkogRD3JSxn88lK4,Subway,31.2393951,-85.48141989999999,"6GQ9+QC Dothan, AL, USA",4.1,69,1
ChIJjyF4zQ6SkogRHum7_wgRqeg,Subway,31.2589914,-85.43299619999999,"7H58+HR Dothan, AL, USA",4.0,72,1
ChIJNeN_zfyNkogRhv1rF5yd8UU,Cheeburger Cheeburger,31.26840869999999,-85.449179,"7H92+98 Dothan, AL, USA",4.0,439,2
ChIJn-_2Pi58kogREUT_nfB-E4k,Little Caesars Pizza,31.4471559,-85.6587922,"C8WR+VF Ozark, AL, USA",3.7,157,1
ChIJQYvYNZJukogRy0NxRmCHmvQ,Beef 'O' Brady's,31.3190817,-85.83338599999999,"8598+JJ Enterprise, AL, USA",3.8,356,2
ChIJQxk-VYpbkogRAIpcwY8izTk,Subway,31.09691020000001,-85.7069897,"37WV+Q6 Hartford, AL, USA",4.0,130,1
ChIJwzipRapU8IgR9Lay9B-RqZ4,Subway,32.069432,-82.904641,"339W+Q4 McRae-Helena, GA, USA",4.2,130,1
ChIJRwk9GDwK8YgRP5OSxAH6Xck,Subway,32.1927814,-83.17616369999999,"5RVF+4G Eastman, GA, USA",4.3,116,1
ChIJJyVqOShC8IgRdvgYcP_RHTE,Subway,31.85831000000001,-82.60637349999999,"V95V+8F Hazlehurst, GA, USA",4.1,218,1
ChIJjf6C3XFl8IgR2Qz124kFcYs,Benton Lee's Steak House,31.9665439,-82.42812529999999,"XH8C+JP Uvalda, GA, USA",3.7,432,2
ChIJC74aa7SI8IgRUTpLCEZzg-E,Subway,32.2147107,-82.4075242,"6H7R+VX Vidalia, GA, USA",4.2,159,1
ChIJ8fvNXG-I8IgRGP7HJuIDIFs,Ruby Tuesday,32.205656,-82.371203,"6J4H+7G Vidalia, GA, USA",3.9,673,2
ChIJd8qhZR718IgRnadU6grt-lw,Subway,32.1789464,-82.59652679999999,"5CH3+H9 Mount Vernon, GA, USA",4.2,62,1
ChIJfwv4h2RT8IgRSrYEy2jBHUc,McDonald's,32.06762749999999,-82.8979054,"3492+3R McRae-Helena, GA, USA",3.7,755,1
ChIJlTOmGi9C8IgRhcMXtqFYlBc,Krystal,31.8732949,-82.5945844,"VCF4+85 Hazlehurst, GA, USA",3.5,473,1
ChIJGf8CdyT18IgRFLSlMsukPO4,Fuzzy's,32.173518,-82.5948827,"5CF4+C2 Mount Vernon, GA, USA",4.5,143,1
ChIJRQVK0Nn08IgRLts11wI-nnU,Great Wall,32.1832797,-82.58534159999999,"5CM7+8V Mount Vernon, GA, USA",4.2,71,1
ChIJLfrqSx9F8IgRc_6cUsBhh2g,Subway,31.9291177,-82.67971899999999,"W8HC+J4 Lumber City, GA, USA",4.3,76,1
ChIJy_WVeXFB8IgR8RPDjH-m6bc,MANNA CAFE & EATERY LLC,31.853174,-82.613197,"V93P+7P Hazlehurst, GA, USA",4.7,186,2
ChIJxYMuEihC8IgRmAEtZHBfPZ8,Hardee's,31.8705633,-82.594572,"VCC4+65 Hazlehurst, GA, USA",3.7,461,1
ChIJoVV0e9LN8YgRGe6wRroi414,DJ's Steak and Seafood,31.6600036,-82.9841079,"M268+29 Ambrose, GA, USA",4.7,285,2
ChIJ1cGs0V9T8IgRhY37SxLikWw,Southern Star Grill,32.06390559999999,-82.8854566,"3477+HR McRae-Helena, GA, USA",4.4,261,2
ChIJ7UIiZQ4K8YgRVLeLhEiVSuU,Little Caesars Pizza,32.181491,-83.179698,"5RJC+H4 Eastman, GA, USA",4.2,253,1
ChIJPdxoTC9C8IgRT-wU9xSFEpQ,Smith's Fried Chicken,31.8742192,-82.5951805,"VCF3+MW Hazlehurst, GA, USA",4.4,274,2
ChIJHz0pDfZVhYcROhNDy7VSZ54,Subway,42.3506118,-97.7911785,"9625+6G Plainview, NE, USA",4.5,36,1
ChIJJ5mc9sawmocRacd9iMj32kY,Subway,42.136012,-98.0320742,"4XP9+C5 Neligh, NE, USA",4.1,50,1
ChIJa7ANlsiwmocRfjNJ-QXhFvA,Casey's,42.1352115,-98.0373001,"4XP7+33 Neligh, NE, USA",3.9,46,1
ChIJlzDctr6wmocR87n_0EuG_DU,Imperial II Family Steakhouse,42.1287815,-98.0289713,"4XHC+GC Neligh, NE, USA",4.3,239,2
ChIJh1_sJlFahYcRfJmu6Yi9ars,Subway,42.4667758,-97.91014469999999,"F38Q+PW Creighton, NE, USA",4.5,60,1
ChIJmfhLqr6wmocRhNQhqEKYwDQ,Mamas' & Nanas',42.1280589,-98.0302183,"4XH9+6W Neligh, NE, USA",4.7,63,1
ChIJ2fXtPrywmocRkHK7nk9vnxo,Godfather's Pizza,42.12747479999999,-98.02913679999999,"4XGC+X8 Neligh, NE, USA",3.8,4,2
ChIJeSQ3_PlxhYcRHgRtfSyX_8I,Country Cafe,42.74671649999999,-98.0415958,"PXW5+M9 Niobrara, NE, USA",4.6,150,1
ChIJIUlwctkbkIcRUCxKPhHEsmM,Subway,42.1992235,-97.52911379999999,"5FXC+M9 Pierce, NE, USA",4.2,44,1
ChIJ4X_VSn0ZkIcRCB_PLizAyGo,Casey's,42.1969299,-97.5244307,"5FWG+Q6 Pierce, NE, USA",3.6,22,1
ChIJN6DPzm_Cj4cRx9-60PWpaWU,Jerry's Hilltop Cafe and Catering,42.3547442,-97.4258413,"9H3F+VM Randolph, NE, USA",4.5,298,1
ChIJ4wm_ymXJmocR97NhKNyiv4Y,L Bar B Steakhouse,42.1739578,-98.193077,"5RF4+HQ Clearwater, NE, USA",4.3,108,2
ChIJTSsx_lBahYcRyE3kafVUGRs,Bulldog's Sports Lounge,42.4666919,-97.9067804,"F38V+M7 Creighton, NE, USA",4.8,32,1
ChIJBzHl__NVhYcRYgjS8CkXEwU,Mary's Restaurant,42.3494866,-97.7961723,"86X3+QG Plainview, NE, USA",4.5,147,1
ChIJX6Y65a3wzFIRiCKWcdz0mQo,Subway,45.3112712,-97.0464295,"8X63+GC Summit, SD, USA",3.7,11,1
ChIJp8vKEMbXzFIR_4hOnt8hG0Y,Subway,44.90143159999999,-97.105409,"WV2V+HR Watertown, SD, USA",4.1,157,1
ChIJDZtq80zWzFIRJLcPbRbjWSQ,Guadalajara Mexican Restaurant,44.890724,-97.090836,"VWR5+7M Watertown, SD, USA",4.5,574,2
ChIJUwSKgFiazFIRo9u-4vN3FEI,Subway,45.2191523,-96.643091,"6994+MQ Milbank, SD, USA",4.1,70,1
ChIJTVcqBcMAzVIRv5dxICJC4RU,The Purple Cow,45.34129950000001,-97.30463429999999,"8MRW+G4 Waubay, SD, USA",4.7,166,2
ChIJN9JSv_7WzFIRoo6TRyca6Z8,Applebee's Grill + Bar,44.88949059999999,-97.07218119999999,"VWQH+Q4 Watertown, SD, USA",4.0,669,2
ChIJdxTjh_zWzFIRL0fcVX2imWQ,Jimmy John's,44.88862209999999,-97.0695439,"VWQJ+C5 Watertown, SD, USA",4.0,145,1
ChIJ72IvevzWzFIRAQyRBFa6FnY,Starbucks,44.889486,-97.068518,"VWQJ+QH Watertown, SD, USA",3.9,270,2
ChIJrcTaxi8ozVIRWVnrdAbyIL4,Casey's,44.8970853,-97.1324063,"VVW9+R2 Watertown, SD, USA",4.0,32,1
ChIJXUqFsvvWzFIRy_OqFEU8R08,QDOBA Mexican Eats,44.88892209999999,-97.0686248,"VWQJ+HH Watertown, SD, USA",4.3,318,1
ChIJ78tmTivWzFIR4tiYpXpMWGA,Dairy Queen Grill & Chill,44.890394,-97.1157329,"VVRM+5P Watertown, SD, USA",4.2,250,1
ChIJU5DrcdrXzFIRXkLOZiJ4L9U,Harry's,44.90042769999999,-97.1153403,"WV2M+5V Watertown, SD, USA",4.6,552,2
ChIJRUkh8UzWzFIRTikpRAVNGqs,Little Caesars Pizza,44.89067,-97.09053999999999,"VWR5+7Q Watertown, SD, USA",4.1,113,1
ChIJF-YFXy3WzFIRa-IC4twxy-I,Taco Bell,44.8897974,-97.11019809999999,"VVQQ+WW Watertown, SD, USA",4.0,402,1
ChIJxyxL6lwSz4kR8Q9wibSkbTQ,Country Cupboard Inc,40.986089,-76.88263529999999,"X4P8+CW Lewisburg, PA, USA",4.4,3041,2
ChIJ-xG-7iGmz4kRWnGXnhqIOsQ,Bullfrog Brewery,41.2403924,-77.00568559999999,"6XRV+5P Williamsport, PA, USA",4.4,731,2
ChIJObgXGes_z4kR0tTYSFpGKFw,Auntie Anne's,40.8251684,-76.8488668,"R5G2+3F Selinsgrove, PA, USA",3.9,9,1
ChIJW3_rXLB9z4kR_eIImnKaGp4,Subway Restaurants,41.01505509999999,-76.4928036,"2G84+2V Bloomsburg, PA, USA",3.6,39,1
ChIJwZKKq32mz4kRmEiWB_2chEw,Olive Garden Italian Restaurant,41.2497695,-76.9672155,"62XM+W4 Williamsport, PA, USA",4.3,1321,2
ChIJR9QUDMEZz4kRZFoPj11YCho,Subway,40.9241263,-77.0269031,"WXFF+M6 Mifflinburg, PA, USA",4.4,106,1
ChIJw9NsveOoz4kRmaDnEqNSNIg,Subway,41.2395706,-77.0518657,"6WQX+R7 Williamsport, PA, USA",4.1,99,1
ChIJP_JcmwU_z4kRq5YW6zgxEA0,Selin's Grove Brewing,40.80090500000001,-76.861308,"R42Q+9F Selinsgrove, PA, USA",4.7,376,2
ChIJvekPTmkNz4kR9LifcG_kFgc,SUBWAY®Restaurants,41.02005090000001,-76.85455069999999,"24CW+25 Milton, PA, USA",4.1,79,1
ChIJhzSDcHymz4kRDT0Z4YX3t-o,Subway,41.2502483,-76.9694009,"722J+36 Williamsport, PA, USA",4.0,100,1
ChIJlfm8aG2HxYkR9Gv4LHwFHv8,Subway,41.00648959999999,-76.4345798,"2H48+H5 Bloomsburg, PA, USA",3.9,48,1
ChIJB8O1AO1qz4kRW9hPGd8akI8,Subway,40.86241069999999,-76.7939002,"V664+XC Sunbury, PA, USA",4.1,117,1
ChIJC4WOmrl9z4kR7LMigYmuEIk,Cracker Barrel Old Country Store,41.017896,-76.4916418,"2G95+58 Bloomsburg, PA, USA",4.4,2238,2
ChIJP95ELhprz4kRRRZuXmJ0Uh8,Subway,40.8878304,-76.7966692,"V6Q3+48 Northumberland, PA, USA",4.2,119,1
ChIJ_ymi3jiKxYkRiPgB3aprBmE,Ponduce Farms,40.8586,-76.426219,"VH5F+CG Elysburg, PA, USA",4.6,95,1
ChIJ13xCGQOdxYkR9elESeDWPZQ,Subway,41.05414340000001,-76.235295,"3Q37+MV Berwick, PA, USA",4.4,197,1
ChIJfRKK23KPE4gRhmOi1xFc6UU,Subway,40.75930340000001,-86.3702768,"QJ5H+PV Logansport, IN, USA",4.0,162,1
ChIJ39llDjGwE4gRvnyuDof_0Ok,Subway,40.766647,-86.775633,"Q68F+MP Monticello, IN, USA",3.8,177,1
ChIJP3K7ceqIE4gRcCjUQ7CeRQ0,Subway,40.7609997,-86.31237139999999,"QM6Q+93 Logansport, IN, USA",3.5,12,1
ChIJJxjwD9GvE4gRfzCW67UI85M,Subway,40.747494,-86.7810487,"P6W9+XH Monticello, IN, USA",3.6,34,1
ChIJ5-JrZn4IFIgRO-eafH2N2tA,Subway,41.0539913,-86.2182318,"3Q3J+HP Rochester, IN, USA",4.0,92,1
ChIJe0wwEbbXE4gRDWPTfjmIsxM,Subway,41.214729,-86.7761724,"667F+VG North Judson, IN, USA",4.1,140,1
ChIJsdaYV6_SE4gRGKUeJ2M1U6c,Subway,41.08469669999999,-86.8925233,"34M4+VX Medaryville, IN, USA",4.2,23,1
ChIJZWVR17eIE4gR7a1bH_tWLk4,Little Caesars Pizza,40.75731090000001,-86.329291,"QM4C+W7 Logansport, IN, USA",4.0,100,1
ChIJQUuZ2eFgEYgReH6JF6whg2A,Subway,41.2883167,-86.6198859,"79QJ+82 Knox, IN, USA",3.9,97,1
ChIJl71OPuAJE4gRHoz2DIsXxfQ,Subway,40.586489,-86.6806173,"H8P9+HQ Delphi, IN, USA",3.8,65,1
ChIJ2SaCIb-IE4gR9KJF1ZT7OIo,El Arriero,40.757067,-86.3215444,"QM4H+R9 Logansport, IN, USA",4.5,475,2
ChIJ370y-rSqFogROkFxYFkMbLM,Subway,41.23845410000001,-86.259068,"6PQR+99 Argos, IN, USA",4.2,67,1
ChIJkYaAaoSqE4gRlMJNm1Zm7Bg,Subway,40.5986128,-86.8690525,"H4XJ+C9 Brookston, IN, USA",4.2,95,1
ChIJ14iLwq5xFIgRbJfVZ9FjkK4,Subway,40.7787319,-86.1282885,"QVHC+FM Peru, IN, USA",3.3,14,1
ChIJrUaTmkiPE4gRgemV93HD6Hc,Papa John's Pizza,40.75627659999999,-86.3472626,"QM43+G3 Logansport, IN, USA",3.7,123,1
ChIJGbaIQriIE4gR3L614WZqcAc,Pizza Hut,40.7575992,-86.3230294,"QM5G+2Q Logansport, IN, USA",4.2,397,1
ChIJGRPg45SIE4gR4RIi0oQiZts,Bob Evans,40.7568992,-86.3147475,"QM4P+Q4 Logansport, IN, USA",4.1,518,2
ChIJuZwbES8GFIgRZ6ZDJN9eicE,Nubiano's Pizza,41.0645816,-86.2069114,"3Q7V+R6 Rochester, IN, USA",4.4,173,2
ChIJqxDS_92vE4gRW4_5uwOSsfU,Janet's Intown Lounge,40.746596,-86.761628,"P6WQ+J8 Monticello, IN, USA",4.3,110,1
ChIJybeKNLhKqYkRF0A8EdnxFIk,Chef & the Farmer,35.26138059999999,-77.5821639,"7C69+H4 Kinston, NC, USA",4.6,1166,3
ChIJoenWSkC1rokR843HL5HDgOo,Bojangles,35.2934492,-77.58194569999999,"7CV9+96 Kinston, NC, USA",3.9,491,1
ChIJgyDODwjFrokRvSzhzlTMiHU,The Skylight Inn,35.4612391,-77.42340220000001,"FH6G+FJ Ayden, NC, USA",4.7,1211,1
ChIJgwOoE8LCrokRXrNLUY50dzg,Texas Roadhouse,35.57212,-77.40126,"HHCX+RF Greenville, NC, USA",4.5,1915,2
ChIJzZYV1o3nrokRIoS3Ox_0P5g,Subway,35.5993616,-77.3333676,"HMX8+PM Greenville, NC, USA",4.3,70,1
ChIJMb_ueOjCrokRkFkK50tZa8g,Ruby Tuesday,35.56761099999999,-77.403701,"HH9W+2G Greenville, NC, USA",4.1,813,2
ChIJ-e7x0jrRqIkRt-ki7xDXH30,Subway,35.100999,-77.086454,"4W27+9C New Bern, NC, USA",4.0,23,1
ChIJY4UWssnCrokRpVPBvRwZuNw,Subway,35.5739879,-77.38676149999999,"HJF7+H7 Greenville, NC, USA",3.7,62,1
ChIJOdRs3k7drokRKQpa2c2sliI,Moe's Southwest Grill,35.581019,-77.369964,"HJJJ+C2 Greenville, NC, USA",4.3,478,1
ChIJDZm6kuPnrokRqmNim0mczxg,Starlight Cafe and Farm,35.611405,-77.373413,"JJ6G+HJ Greenville, NC, USA",4.5,268,3
ChIJi9elipFKqYkRanI70eNXI2o,Subway,35.24190189999999,-77.57912,"6CRC+Q9 Kinston, NC, USA",4.1,139,1
ChIJR8Hc7VtLqYkRmX-E5eGhy1g,Subway,35.2646229,-77.6467692,"7973+R7 Kinston, NC, USA",3.9,31,1
ChIJPSK0HlxLqYkRU2w4erwGy-w,Subway,35.26278119999999,-77.6474509,"7973+42 Kinston, NC, USA",3.6,50,1
ChIJvaKFtE_drokR9G8k5srKs1s,Buffalo Wild Wings,35.583972,-77.3696327,"HJMJ+H4 Greenville, NC, USA",4.0,1026,2
ChIJaUtboTm1rokRo5bjujjXeQs,Subway,35.287225,-77.58884859999999,"7CP6+VF Kinston, NC, USA",3.6,73,1
ChIJi9HUrRbdrokRlpFZtPAigrI,Subway,35.5667834,-77.35020990000001,"HJ8X+PW Greenville, NC, USA",4.0,38,1
ChIJh2rLgE3ErokRK68UQ5xZR2U,Subway,35.4767782,-77.4352103,"FHG7+PW Ayden, NC, USA",3.8,61,1
ChIJb0S12EDDrokR6EmIlDmTRks,Little Caesars Pizza,35.54296,-77.405655,"GHVV+5P Winterville, NC, USA",3.9,333,1
ChIJoZv6bbGUz1IRiI40SCpSM08,Subway,46.92083179999999,-98.0188959,"WXCJ+8C Valley City, ND, USA",4.1,115,1
ChIJl0tQq7I0z1IRoTGFiPulzkE,Subway,46.8615498,-96.88357049999999,"V468+JH West Fargo, ND, USA",3.8,99,1
ChIJLRKd1gY_z1IRm_t7Y8vQhz0,Subway,46.87582520000001,-97.2101046,"VQGQ+8X Casselton, ND, USA",3.9,176,1
ChIJsSIgC5-Uz1IRpc3Rr7ywlsk,Dairy Queen Grill & Chill,46.932078,-98.003991,"WXJW+RC Valley City, ND, USA",3.3,223,1
ChIJyRaQp7GUz1IRUSpohFNM3UI,Pizza Ranch,46.9214652,-98.01776079999999,"WXCJ+HV Valley City, ND, USA",4.0,297,2
ChIJVzu3LRMzz1IRjsBQJxskLVI,Hooligans,46.833023,-96.9094772,"R3MR+66 West Fargo, ND, USA",4.0,526,2
ChIJ5VatjsU0z1IR7h0qUDCtPCE,Subway,46.8764372,-96.8991719,"V4G2+H8 West Fargo, ND, USA",3.4,106,1
ChIJ_7Ikdk-qz1IRFVKRXNH0qeQ,Trio Bar & Grill,46.6234773,-97.6027933,"J9FW+9V Enderlin, ND, USA",4.5,41,1
ChIJ8zoRH-g0z1IR2iyoPQv00Y8,Speedway Restaurant,46.8778648,-96.9110183,"V3HQ+4H West Fargo, ND, USA",4.1,501,1
ChIJ22GYbwc_z1IRKjL6GqnWo5I,Country Kitchen Restaurant,46.8771514,-97.21174620000001,"VQGQ+V8 Casselton, ND, USA",3.9,174,1
ChIJ0RGKg600z1IRaRNQi0Xuzj4,Bar Nine,46.86058449999999,-96.8855265,"V467+6Q West Fargo, ND, USA",4.1,272,1
ChIJf_XR7EyEv4ARWRwfXYlzPxo,Subway,36.6056458,-118.0636751,"JW4P+7G Lone Pine, CA, USA",4.2,128,1
ChIJIVqNSE2Ev4ARqUW6YSOI8yE,Shell,36.60789490000001,-118.0647763,"JW5P+53 Lone Pine, CA, USA",3.0,8,2
ChIJJ3oh8kyEv4ARy9GsPqjRq44,Bonanza Mexican Restaurant,36.605856,-118.063166,"JW4P+8P Lone Pine, CA, USA",3.9,270,2
ChIJFz7CeEuEv4ARqdrQL2VaMiw,Pizza Factory,36.6038947,-118.0627166,"JW3P+HW Lone Pine, CA, USA",4.0,483,2
ChIJS9apoOVJvoAR-kClYVR50rQ,Copper Top BBQ,37.16965640000001,-118.2892011,"5P96+V8 Big Pine, CA, USA",4.6,1080,2
ChIJ9xVbfkuEv4ARB0o8wO5R2Mg,Mt Whitney Restaurant,36.6044285,-118.0630512,"JW3P+QQ Lone Pine, CA, USA",4.0,694,1
ChIJKaBBfEuEv4AR-dK4YhKgGUE,Alabama Hills Cafe & Bakery,36.60417220000001,-118.0631057,"JW3P+MQ Lone Pine, CA, USA",4.6,1011,2
ChIJU4hDrEuEv4AR36Ju7j1cDlg,McDonald's,36.6022755,-118.0619958,"JW2Q+W6 Lone Pine, CA, USA",3.8,1019,1
ChIJvaPBS02Ev4AR_fqFAmtBJ2M,Carl's Jr. #7115,36.6078936,-118.0648323,"JW5P+53 Lone Pine, CA, USA",3.8,518,1
ChIJ8-1aH9i9v4ARNqIxS0FiIts,Glenn's Taqueria,36.80035840000001,-118.1987711,"RR22+4F Independence, CA, USA",4.9,147,1
ChIJZZw_e5a9v4ARO5bn0h0Nbgs,Port of Subs,36.8019152,-118.1990715,"RR22+Q9 Independence, CA, USA",4.7,16,1
ChIJox90IU2Ev4AR2TYsbGJU-T0,Tacos Los Hermanos Food Truck,36.60706,-118.0635655,"JW4P+RH Lone Pine, CA, USA",4.8,183,1
