City,State,Restaurant_Name,Place_ID,Price_Range,Rating,Ratings_Count,Lat,Lng
Venetia,PA,Lyn Palace resto,ChIJ5dJ-c_b_NIgRKlRis7WfXR0,0,0,0,40.286502,-80.0618509
Park,PA,Luciano's Pizza & Pasta,ChIJiZQtdCX5NIgRbdVyyR8tryM,2,4,255,40.2974278,-80.0450194
Township,PA,Honeymoon,ChIJn-p6j0n5NIgRi2P7lP-eK3A,0,4.3,118,40.2904149,-80.0288196
Park,PA,Subway,ChIJTdDj1kn5NIgRqEkTP9j_e0k,1,4.3,80,40.2924775,-80.0310485
Township,PA,Castle Tavern South,ChIJE816nkn5NIgRBggTcKYb2nQ,1,4.5,343,40.2911191,-80.0285168
Park,PA,7-Eleven,ChIJQe-WKUj5NIgRMTHszePOI20,1,3.6,11,40.2937068,-80.0310338
Park,PA,Trolley Stop Inn,ChIJJwykOkj5NIgRhEASiE-O2QY,1,4.4,551,40.2934281,-80.0303066
Township,PA,Hot Box Pizza & Wings,ChIJJQNR8Uz5NIgR-wmLhBUE5uE,1,3.7,75,40.2870688,-80.0237271
Township,PA,Ya Ya's Pizza,ChIJLcvi4kz5NIgR_Ovd8SOGMqo,2,4.1,139,40.2865145,-80.0227936
Finleyville,PA,Beach House Restaurant,ChIJmfdaJrv-NIgRnIKBTBv_jPg,1,4.5,211,40.2714306,-80.0209111
Finleyville,PA,Tiki Bar,ChIJrYpQJrv-NIgRPrSLTbnnyBU,0,4.6,140,40.2708717,-80.0208051
Township,PA,Blue Line Grille,ChIJN2LQUFP5NIgRexI-iu62_GY,0,4.2,26,40.2867698,-80.0215454
Township,PA,Blue Line Grille,ChIJtYnSC035NIgRF8LmFe4ikzI,2,4.1,266,40.286765,-80.0215382
Township,PA,My Place,ChIJ3VVVDU35NIgRh3vfwDDve5w,1,4.1,42,40.2865715,-80.0214157
McMurray,PA,Subway,ChIJdT6qkEX_NIgRTzBsWTVeUUc,1,3.9,40,40.27896,-80.0822213
McMurray,PA,Parea Gyros,ChIJH8qlJh7_NIgRWv8YavzUpDM,1,4.4,94,40.2784253,-80.08325
McMurray,PA,Lorenzo's Pub and Pizza,ChIJJdKGnEX_NIgRliHr7hRafQk,0,4.6,129,40.2797889,-80.0833969
McMurray,PA,Pizza Hut,ChIJpQFi90__NIgRkh_P73OyYyA,1,3.6,62,40.2807473,-80.0837727
Canonsburg,PA,China Express,ChIJx8oO9k__NIgRpcP_s3OliA4,2,4.3,71,40.27949,-80.084248
McMurray,PA,Starbucks,ChIJZWnOZEX_NIgRr5yCyziqrZc,2,4.3,154,40.279571,-80.084546
Harrah,WA,Ms. Shawna's Farmhouse Cafe,ChIJ6z8r2OWCl1QRqubS9neoJfM,0,4.3,18,46.4038357,-120.5437051
Brooklin,ME,The Lookout Wedding & Catering,ChIJEV7_X7WbrkwRp91xhuecvd0,0,0,0,44.2630718,-68.5201339
Brooklin,ME,The Brooklin Inn,ChIJ5d5l-RibrkwRPrmGTaz9PTs,0,4.3,58,44.2655703,-68.5710382
Raphaël,QC,Casse-croute d'Amours,ChIJdZy4iYDeuEwRULV6P48anZ4,2,4.1,144,46.7992117,-70.755122
,,,,,,,,
Montreal,QC,District 40 Resto Bar,ChIJO6bXSfMeyUwReQdt6Pd057U,0,0,0,45.5890479,-73.582284
,,,,,,,,
,,,,,,,,
,,,,,,,,
,,,,,,,,
,,,,,,,,
,,,,,,,,
Montreal,QC,La Bella Italiana,ChIJHRrbmo0eyUwRz_Xc0ecdSOI,2,4.6,675,45.5857279,-73.5796577
,,,,,,,,
,,,,,,,,
,,,,,,,,
,,,,,,,,
,,,,,,,,
,,,,,,,,
,,,,,,,,
,,,,,,,,
,,,,,,,,
,,,,,,,,
,,,,,,,,
Tieton,WA,Fernando's Mexican Food,ChIJIWXDXJpgl1QReDnevKCDIH8,1,4.6,53,46.70479,-120.755576
Tieton,WA,DON MATEO,ChIJQwFRXppgl1QRQ6TIjbNcaNg,0,4.7,116,46.7047285,-120.7549937
Cowiche,WA,Cocina Zacatecas,ChIJ4Xyb0BFhl1QRlawxCIfhMu4,0,5,2,46.6706532,-120.7103342
McGregor,MN,Prairie River Retreat,ChIJ-_ZDnSKrsVIRTKXM43yjO34,2,4.4,68,46.7572592,-93.2494639
English,IA,Butch's Cafe,ChIJO1rRfUXB5YcROIlXDOFVlt0,0,4.8,6,41.5142145,-92.076311
English,IA,EV Malt Shop,ChIJk6rVXkXB5YcR7CWfdq76O3c,1,4.6,163,41.5129543,-92.0765753
English,IA,Casey's,ChIJP9Knn1rB5YcRwoJVZMd3HvM,1,4.4,28,41.5112352,-92.0769249
Labadieville,LA,Cajun Cafe On The Bayou,ChIJEdtFcJpBIYYR-1KQaFtdKM0,0,4.5,19,29.837677,-90.9519882
Labadieville,LA,Vinnie's Sandwich Shoppe,ChIJR1_72xFBIYYRgq3NSq-lZX8,0,4.4,35,29.8354828,-90.9495912
Washington,NC,La Mesa Mexican Restaurant and Bar,ChIJd9WiyLkjr4kRfWRRTnCSpmo,0,4.6,102,35.5610417,-77.0558407
Washington,NC,Taqueria El Gallito (El Gallito Restaurant),ChIJsyWAfoAir4kRYIkM5U4Feo0,0,4.6,64,35.560186,-77.056043
Washington,NC,La Ribera,ChIJKTt5-oAir4kRMxEMKpRK658,1,4.3,285,35.5596841,-77.0561216
Washington,NC,Pizza Inn Buffet,ChIJVSpQ_4EYr4kRG6drak0XZe8,1,3.9,577,35.56396,-77.061763
Washington,NC,Arby's,ChIJF7XgdH8ir4kRGr6liCaU2DE,1,4.2,493,35.562042,-77.05976
Washington,NC,Bill's Hot Dog Stand,ChIJA0btKGMir4kRBGemLuT82IE,1,4.5,125,35.55896,-77.0559022
Washington,NC,Speedy Wok,ChIJf465KWMir4kRukXCsbKS4AQ,1,4.5,266,35.5589084,-77.0559805
Washington,NC,Papa John's Pizza,ChIJxyrVFX0ir4kRFQ3LZJgjHgE,1,4.1,90,35.559168,-77.0569336
Washington,NC,Wendy's,ChIJLb7fbH8ir4kRBOIP6TwFM0U,1,3.8,305,35.561592,-77.0603505
Washington,NC,Hwy 55 Burgers Shakes & Fries,ChIJkZe1zTt9WogR6x_-27khXVY,1,4.2,267,35.5591134,-77.0568913
Washington,NC,Boss Hog's Backyard Barbeque,ChIJoUEoHYIYr4kRenjAoZwkwsk,2,4.4,630,35.5640305,-77.0629619
Washington,NC,Little Caesars Pizza,ChIJM4tTi4Air4kRxq12Y7AY2O8,1,4.2,158,35.558876,-77.05655
Washington,NC,Quality Inn,ChIJB-sLGIIYr4kRytuWHfr9t60,0,3.4,177,35.564403,-77.063324
Washington,NC,KFC,ChIJeZ01AoIYr4kRYvjb5WKLJ-k,1,3.5,418,35.5636147,-77.0627006
Washington,NC,Burger King,ChIJPY65OX8ir4kRdC3Kebdaw7E,1,3.8,289,35.5618656,-77.0608887
Washington,NC,Pizza Hut,ChIJ_3O2bn8ir4kRxnKtF8sev4I,1,3.7,223,35.5630386,-77.0633841
Washington,NC,Dragon Garden Buffet,ChIJZ76j_4EYr4kRVJM1SffIkVY,2,4,332,35.5611251,-77.0620679
Washington,NC,McDonald's,ChIJvRmJ3n4ir4kRo_o3lfpZ454,1,3.5,916,35.5596872,-77.0613099
Washington,NC,Jersey Mike's Subs,ChIJL_OKkXgir4kRh8sMSnfmPE4,1,4.4,231,35.562352,-77.0643
Washington,NC,Bojangles,ChIJsfI8hX4ir4kRf3DHsVmM4UU,1,3.8,568,35.5581313,-77.0595292
Carlisle,KY,Ladobee's Steak House,ChIJnaTJbzvbQ4gR8nGQ8xg-EuY,0,3.8,46,38.3495039,-84.0468595
Willard,OH,Brass Pelican at Holiday Lakes,ChIJ36E8W9UnOogRGnpUnHJqEvQ,1,4.4,247,41.0908106,-82.7342264
Willard,OH,Taco Rico,ChIJG2AoNPonOogRnUTEHeTpALg,1,4.4,153,41.0575331,-82.726257
Willard,OH,Uncle Dudley's Restaurant,ChIJ8yV3PPonOogRO4tO9wnQfkQ,1,4.5,409,41.0572735,-82.7247386
Willard,OH,Domino's Pizza,ChIJV-JwkPknOogR9uJmi8k9D48,1,4.4,149,41.0555605,-82.7256784
Willard,OH,The Shoe Box,ChIJgXoKq_cnOogRLGxjH9-aBYc,0,4.2,82,41.053433,-82.7215966
Willard,OH,East of Chicago,ChIJCRZfQAaIOYgRa1QuqmD6VVY,1,4.1,230,41.04296,-82.7308769
Willard,OH,Alma's,ChIJObJubQaIOYgRVdGyQ3Lm8EE,0,0,0,41.0429094,-82.7298917
Willard,OH,Subway,ChIJwTC3DAWIOYgRT054IAFk2K0,1,4.1,120,41.0430887,-82.7293884
Willard,OH,KFC,ChIJQy5-lgWIOYgR4eLvdV64v14,1,3.7,152,41.042485,-82.727594
Willard,OH,Bruno's Pizzeria,ChIJMXYsDgWIOYgRcSFFkd-9n04,2,3.3,55,41.043386,-82.725557
Willard,OH,Sola Scriptura Ltd,ChIJwTC3DAWIOYgRMjtuRnSVEeY,0,0,0,41.0427074,-82.7262074
Willard,OH,FriendShip Store,ChIJ55zHqbiJOYgRTAseLpji8ow,0,4.2,5,41.0428789,-82.7255513
Willard,OH,Taco Bell,ChIJgQ4t-A-IOYgRqFsbsoZtBjE,1,3.6,165,41.0429148,-82.7242404
Willard,OH,Fu Sing,ChIJgQ4t-A-IOYgRoinFub0aUFM,0,4.7,180,41.0411377,-82.7263732
Willard,OH,La Campesina,ChIJ_d4ZWQ-IOYgRYk7nXwh7iB8,2,4.4,521,41.0430108,-82.7235634
Willard,OH,Arby's,ChIJi-erTgWIOYgRC1h9UpIsrvs,1,4.3,205,41.042366,-82.724293
Willard,OH,McDonald's,ChIJj51U3RqIOYgRAH1HRM9pv18,1,3.5,532,41.0430653,-82.7227986
Willard,OH,Wendy's,ChIJrVQ4sRqIOYgRK_wKaCrbRM4,1,3.9,282,41.0423146,-82.7234624
Willard,OH,Loyal Order of Moose,ChIJvWiyxxqIOYgRJMamxG4eAeA,0,4.7,23,41.0422401,-82.7227783
Willard,OH,Circle K,ChIJVYVqwhmIOYgRy-7foAKsoRs,1,4.3,71,41.0415142,-82.7174111
Fayette,IA,Dt's Pub & Primetime,ChIJxXHGfi8g-4cRjCnLf3o8ilo,1,4.2,129,42.8424146,-91.8024222
Fayette,IA,Shrubb's Street Eatery,ChIJVVUJdKUd-4cRAW4Hrqnbp8g,0,5,47,42.8440578,-91.8024681
Fayette,IA,Meatzy's Deli,ChIJlV4mj9Ah-4cReTKd-3D0tXs,0,5,1,42.8447421,-91.8087999
Fayette,IA,Blimpie America's Sub Shop,ChIJd-SNAyQg-4cRAENG_kDB1ek,1,3.8,9,42.8447421,-91.8087999
Fayette,IA,Big Rock Country Club,ChIJpyG7F9oh-4cRzZbc5V-Iuks,0,4.7,51,42.844686,-91.780164
Manter,KS,Uncle Ed's,ChIJOz5M6WAlCYcRzIfzmdW7lrM,0,4.5,2,37.523441,-101.8852379
Creek,AZ,Domino's Pizza,ChIJmRm2qVFSKocRHlHDjZioth8,1,3.8,235,33.1891664,-111.5996851
Creek,AZ,Sonic Drive-In,ChIJJ3cNuCBMKocRlStPVA0Q0l8,1,3.9,1055,33.1894819,-111.5993026
Creek,AZ,San Tan Flat,ChIJXeM4XcZNKocRRGmfKydACkA,2,4.5,3817,33.2007439,-111.6325863
Creek,AZ,Hungry Howie's Pizza,ChIJ6-Oh-TJMKocR7Mw3lye92SM,1,3.7,199,33.177937,-111.585753
Valley,AZ,Los Favoritos,ChIJdTGzPtlIKocRzduD-GNvn80,1,4.2,1005,33.1780884,-111.5857613
Valley,AZ,Angry Crab Shack,ChIJAUtiNVZPKocRHUkyjDlkdd0,0,4.2,190,33.1784745,-111.5856736
Valley,AZ,Auntie Anne's,ChIJedvdONlIKocR96gLlC2VrGU,1,3.4,19,33.1762921,-111.5847352
Creek,AZ,Subway,ChIJJ3ZyFC5JKocR4iDDZpnpTIE,1,3.8,46,33.1763763,-111.5846702
Valley,AZ,Starbucks,ChIJbZZu6LpOKocRU8ADn2H1QRk,2,4.3,732,33.179251,-111.584935
Creek,AZ,Burger King,ChIJ6-Oh-TJMKocRkpKBfryc7XE,1,3.3,626,33.178934,-111.584642
Creek,AZ,QuikTrip,ChIJy3Ej6bpOKocREf3GZsgLiGI,1,4.2,65,33.1806908,-111.5849006
Valley,AZ,Firehouse Subs San Tan Valley,ChIJo6Jh9bpOKocRtaltKzaoFEU,1,4.3,473,33.17851,-111.58434
Valley,AZ,Little Caesars,ChIJczhw3idPKocROmNjW0M3kQ4,1,3.5,46,33.178604,-111.58413
Valley,AZ,Denny's,ChIJFYRd3bpOKocRVhRI9PZbBeY,1,3.5,1269,33.1795993,-111.5840149
Valley,AZ,Taco Bell,ChIJg6UheLpOKocR2b9f2XQVrvY,1,3.9,1018,33.1778729,-111.5831923
Valley,AZ,Native Grill & Wings,ChIJ2RKyubpOKocRsW7bSrTyS6o,2,3.9,1300,33.180732,-111.583325
Valley,AZ,Freddy's Frozen Custard & Steakburgers,ChIJ51MJrLtOKocR6EOfr9TNWOM,1,4.4,1068,33.1809864,-111.5829522
Valley,AZ,Panda Express,ChIJIeaBg7BOKocRH4uPXt-F2XA,1,3.5,558,33.1783869,-111.5822374
Valley,AZ,Dunkin',ChIJd46QebpOKocRYxwMMa4dS7U,1,3.7,616,33.1780761,-111.581913
Valley,AZ,Jimmy John's,ChIJrbnGebpOKocRhu_TWdLrTVM,1,4.1,184,33.1781678,-111.5818808
Badger,IA,KnuckleHeads Bar & Grill in Badger,ChIJec7tyhhy8ocRBRTNyDTQhNQ,0,4.8,49,42.6146797,-94.1461359
Dodge,IA,Village Inn,ChIJw_JP8e528ocRTzsiAbc-9Qc,1,4.2,631,42.5267763,-94.1786672
Dodge,IA,Lamont and Renees,ChIJGQsBARZ38ocRmOtUXf9lBAo,0,0,0,42.5123878,-94.1670818
Dodge,IA,Clayton's Rib's & Chicken,ChIJTc0lciV38ocRu5RuOBaX07k,0,5,10,42.5141814,-94.1778151
Dodge,IA,Willow Ridge Golf Course & Restaurant,ChIJ_Wasnj938ocRMvwI3siWNRQ,2,4.5,113,42.532842,-94.214197
Dodge,IA,Casey's,ChIJ42pLvmZ28ocRYOTL56vYFN4,1,4,67,42.5087958,-94.1674096
Dodge,IA,Lefti's Neighborhood Bar & Grill,ChIJKe0wa2d28ocRYRikUgHMwck,0,4.5,193,42.5081444,-94.1706772
Independence,IA,Okoboji Grill,ChIJp0MXUVss5YcR0n6gfHGErZU,2,4.3,464,42.4838236,-91.9304883
Jesup,IA,Jacorion,ChIJG9Di7BIz5YcRVcHaPKZLQzo,0,0,0,42.4812868,-92.0574622
Jesup,IA,Legacy's Bar & Grill,ChIJT1SQY4sz5YcRpP2FWKITUM8,0,4.6,88,42.4754084,-92.0616719
Independence,IA,Pizza Ranch,ChIJ-SLHzQ8s5YcRrQwg7oY7RoA,2,4.2,409,42.4689501,-91.9190855
Jesup,IA,Joe's Pizza Arcade,ChIJ_2Qa74oz5YcROcDpfzMPdGg,0,4.6,70,42.475366,-92.0645665
Independence,IA,Arianna's Kitchen,ChIJmYbSBg8s5YcRDTNFWu_qsls,1,4.6,198,42.4686248,-91.9182233
Independence,IA,Subway,ChIJE_x81Ags5YcRew0YnYuaYEs,1,4,123,42.4681632,-91.9144893
Independence,IA,Buttermilk Cafe,ChIJhbexKPcr5YcRifkGhQE2E6Q,1,4.4,233,42.4689083,-91.9057099
Summerton,SC,D's Spot,ChIJnw6CnLEQ_4gRiF473Wu44QU,0,4.4,25,33.6120596,-80.3595619
Summerton,SC,Daniel's Pizza,ChIJOQtX-68Q_4gRppqnRlEG8gM,0,4.2,22,33.6087285,-80.3523511
Summerton,SC,Golden Dragon,ChIJr9wCt6QQ_4gRrZGvwEEvZ7I,0,3.9,93,33.6081701,-80.3510065
Summerton,SC,Summerton Diner,ChIJy0Bd4KUQ_4gRRkp4IaRbSzU,1,4.6,438,33.6036111,-80.3536111
Summerton,SC,Subway,ChIJN38sK0sb_4gRU-5i1lntz_g,1,4.1,84,33.5919182,-80.3555738
Summerton,SC,McDonald's,ChIJnxxpyWob_4gR6oVrGGmxXmM,1,3,91,33.5916488,-80.355376
Summerton,SC,Dairy Queen,ChIJhT_iUQYa_4gRwhDY5CqVDts,1,3.8,403,33.5870092,-80.357622
Hardeeville,SC,Amoco,ChIJo3qhe2WQ-4gR8NoSTFpiGes,0,0,0,32.231234,-81.020687
Hardeeville,SC,Flavor Fiesta Food Truck,ChIJzQ_7BNeR-4gRDdMy3QISv9s,0,4.8,15,32.2312251,-81.0206982
Bluffton,SC,Wendy's,ChIJ3drGVfXU-YgRJm2kHKalH54,1,3.6,442,32.2454284,-80.9779861
Bluffton,SC,Parker's Kitchen,ChIJVyXaKfGI-4gRv2tb4mlsORk,0,2.9,33,32.245128,-80.977525
Hardeeville,SC,Black Dream Restaurant & Lounge,ChIJ02Bb1Wqa-4gRt4BPCcovIMA,0,4.5,36,32.196947,-81.0445067
Hardeeville,SC,Hunt Brothers Pizza,ChIJywOaT1Kb-4gRCEA0LSfcN2w,1,4,4,32.1952043,-81.0300516
Hardeeville,SC,Shell,ChIJC4QSe2WQ-4gR9_nw3elwESQ,2,4.1,95,32.195202,-81.0300138
Hardeeville,SC,The Pink Pig,ChIJgXRMOfaa-4gRNnAGIwe5hqw,1,4.5,181,32.1941512,-81.0294164
Hardeeville,SC,Don Machete Mexican Restaurant,ChIJcWQfBqWb-4gRXqYaiIHebWo,0,4.7,93,32.1941237,-81.0302203
Hardeeville,SC,Latitude Bar & Chill,ChIJAfFpF82X-4gRu8qUdxFp2qs,0,4.6,39,32.2844657,-81.0119781
Hardeeville,SC,Mi Tierrita-Hardeeville,ChIJ6_y5qAOa-4gRs8qCZTpIWHE,1,4.1,646,32.2684147,-81.079193
Hardeeville,SC,Bodega Guerrero,ChIJNVbpMtSW-4gRp9plaileI5E,0,0,0,32.2695118,-81.0800075
Hardeeville,SC,Dunkin',ChIJdUZev9qX-4gRYqbKAZ0qDLI,1,3.4,21,32.2687941,-81.0810824
Hardeeville,SC,Subway,ChIJbxQf6zSX-4gRvLp4CeF_mo4,1,3.5,95,32.2689514,-81.0810639
Hardeeville,SC,Chickin Lickin,ChIJN3wtK9SW-4gRGipz8cFGR6E,2,4.2,1069,32.2699314,-81.0807786
Hardeeville,SC,Parker's Kitchen,ChIJcWrzKdSW-4gRREjdDEsMNo8,0,4.1,286,32.2702543,-81.0808781
Hardeeville,SC,Waffle House,ChIJV2_ADrWW-4gR1b68t-tvrr0,1,3.8,860,32.2707947,-81.0807476
Bluffton,SC,Don Chanito restaurant and pizza,ChIJZZaml8mP-4gRtFwAjZx8rKY,1,3.9,161,32.2518463,-80.9670486
Hardeeville,SC,Burger King,ChIJdf3rMtSW-4gRP3jPIy6Lv0s,1,3,389,32.2772195,-81.0804382
Hardeeville,SC,Wendy's,ChIJpasnBdKW-4gR2I0-cuax7Fo,1,3.2,834,32.2775797,-81.0805217
Phillips,ME,The Local Bull,ChIJ3y3Zi4cSsUwRzy5MDFBXUU4,0,4.1,17,44.8237457,-70.3403095
Phillips,ME,Alpacaville,ChIJaw4pnZgMsUwRixjI3zix4Bw,0,4.5,4,44.8417182,-70.403395
Augustine,TX,Sunshine Conoco,ChIJHTwnmcPaOYYRxrWEwAYZ8NE,0,5,1,31.3947515,-94.2057531
,,,,,,,,
Hollister,CA,Casa De Bakery,ChIJ40HFvMDxkYARLdVWiKbzYsg,0,3.7,21,36.9883209,-121.381477
Gilroy,CA,Casa de Restaurant,ChIJ0ZvWs8DxkYARpnYtSbP5Ckw,2,4.3,153,36.9882374,-121.3824805
Hollister,CA,Casa De Fruta,ChIJEUWZzMbxkYARqNwEhpqCp-Y,0,4.5,10337,36.9879259,-121.3826834
Hollister,CA,The Grove by Leal Vineyards,ChIJlV96DA7xkYARuzb0OzxWCbo,2,4.3,615,36.9589271,-121.3831405
Conrad,MT,Subway,ChIJAdXOseLAaVMRHFt6gZM6brA,1,4.5,26,48.1778561,-111.9410658
Conrad,MT,Main Drive In,ChIJ11mLnR3BaVMRRNIFRVc7FYk,1,4.7,117,48.1764405,-111.9421193
Descanso,CA,Descanso Junction Restaurant and Catering,ChIJJ3oBM_hU2YAR1aYDWoWA4BU,2,4.7,568,32.8409188,-116.6134721
Descanso,CA,Veronica's Kitchen,ChIJc6jkXk5j2YAR7sjlQ8vNEe8,1,4.5,101,32.8535218,-116.6156744
Collins,MO,Smith's Restaurant,ChIJE-EhMh3TxYcROvGFbWQb1tk,0,4.4,1197,37.8920809,-93.6244289
Collins,MO,Champs Chicken,ChIJIfOGCQPTxYcRTU6dY8R8POE,2,5,2,37.8887069,-93.6231574
Collins,MO,Danny's pub grub and cool pool,ChIJ1QymRxrTxYcRY8pSQYl7jpU,0,0,0,37.8896263,-93.6219914
Collins,MO,Subway,ChIJmY07-zLSxYcR33yRDOep1d8,1,3.9,162,37.8748317,-93.6211126
Stacyville,IA,Gerbs Bar & Grill,ChIJ9bsMhbPq8IcRg6EPjwUxEXY,1,4.5,66,43.4354682,-92.7806924
Colony,TX,China Star,ChIJAw7VJek6TIYR_6f_SghzbKM,0,3.3,164,33.0956712,-96.8912122
Colony,TX,RIX Sports Bar,ChIJbXRaJuk6TIYR8uoLdhgAby0,2,4.1,283,33.0954606,-96.8912766
Colony,TX,Subway,ChIJUw2xHew6TIYRZxriGTsI8eY,1,4.2,53,33.098141,-96.8931676
Colony,TX,MrJims.Pizza,ChIJbXRaJuk6TIYREQqhUq2oO6c,1,4.5,87,33.0954395,-96.8917331
Colony,TX,Corner Store,ChIJkUDS6u46TIYRY5Kgg-YtLPQ,1,2.9,15,33.096927,-96.8930435
Colony,TX,Roma's Italian Restaurant - The Colony,ChIJbXRaJuk6TIYR7IAzIO3SRic,2,4.4,370,33.095359,-96.892016
Colony,TX,Afghan Restaurant,ChIJn4L-TcA7TIYRZQVoRCBhYJQ,0,0,0,33.097538,-96.8940824
Colony,TX,Ariana Kebabs Bar & Grill,ChIJ53IRHsI7TIYRny_jpRrWeKQ,0,4.6,157,33.0974949,-96.8942467
Colony,TX,Little Caesars Pizza,ChIJKfyxHew6TIYRsfY5xG84lVM,1,3.8,196,33.09697,-96.89421
Colony,TX,Nick's Bar & Grill,ChIJN8qkOyc7TIYReDox-JjbdSM,0,4,297,33.085218,-96.876017
Colony,TX,The Rice Bar,ChIJTaa35iY7TIYR8RkOnY-H4XI,1,4.7,272,33.0845857,-96.8749413
Colony,TX,Twinkle Donuts & Toast,ChIJPX8vWVM7TIYR1WV1rgIRAAw,1,4.9,76,33.0845733,-96.8749548
Colony,TX,Corner Store,ChIJr5Qemtk6TIYRv3C5nzA0BwI,1,3.4,9,33.083961,-96.877152
Frisco,TX,Bistro Trio Euro Tavern,ChIJpStgIWc7TIYRA5l1aW_624A,0,4.7,48,33.124279,-96.8893432
Frisco,TX,Yum Asian Bistro Frisco,ChIJqSe0yVo6TIYRphngp7iGcZU,1,4.3,227,33.124079,-96.890045
Frisco,TX,Barneys Brunch House,ChIJSZNMrVo6TIYRTIq1lo6FHWM,2,4.5,742,33.1245489,-96.889363
Frisco,TX,Casa Del Bro Mexican Grill & Creamery,ChIJgUjkvjE7TIYRNzlUFZhe4Rk,0,4.7,161,33.124154,-96.8902932
Colony,TX,Corner Store,ChIJFxcvjy87TIYRT038syqDr88,1,3.3,27,33.0805927,-96.8691373
Frisco,TX,Bistro Trio,ChIJ7TxbK3s7TIYRpvMmu5tKo6Q,0,3.8,4,33.1251684,-96.8893716
Colony,TX,Domino's Pizza,ChIJIwIPVcQ6TIYRPfZsCzpZVtc,1,3.9,210,33.0830321,-96.8923059
Deer,TX,Harrahs Bar & Grille,ChIJdaOl33ktB4cRLv7yBrRV-3E,2,4.4,242,35.4348364,-101.1731453
Kerrville,TX,Save Inn Restaurant,ChIJZaErIXPjW4YRnNxUxVwUcE8,1,4.4,396,30.0640302,-99.1225461
Kerrville,TX,Acapulco Mexican Restaurant,ChIJ38utNg3jW4YR4ouQfycdjS0,1,4.2,971,30.062663,-99.1238901
Kerrville,TX,Sonic Drive-In,ChIJB9UbuHLjW4YR8JRd207KM5E,1,3.2,701,30.0623854,-99.1228145
Kerrville,TX,Branding Iron restaurant,ChIJG4biaXHjW4YRuKIgeck63Do,0,4,168,30.0659996,-99.1173373
Kerrville,TX,Cracker Barrel Old Country Store,ChIJF0tQ2XbjW4YRWzVTdBiI99g,2,4.3,1918,30.0681152,-99.1153098
Kerrville,TX,"Bella Sera of Kerrville, Inc.",ChIJaQTIPnfjW4YRp2OXJgjlUA8,2,4.3,655,30.068446,-99.114322
Kerrville,TX,McDonald's,ChIJvyLnbnfjW4YR17EAwIEyKPE,1,3.7,538,30.0691638,-99.1135119
Kerrville,TX,Laredo Taco Company,ChIJhTOUM3fjW4YRIEgtzpGL4yM,0,3,5,30.06771,-99.1143805
Kerrville,TX,Shell,ChIJvyLnbnfjW4YRBlB768bxAwU,2,3.1,19,30.069333,-99.113202
Kerrville,TX,IHOP,ChIJqf2aXhLjW4YRcDhB9WtaBlM,1,3.6,985,30.0590181,-99.1265245
Kerrville,TX,Margarita's City,ChIJZR5S23njW4YRRwiUoRNfUJI,1,4.1,597,30.0692537,-99.1117434
Kerrville,TX,Schlotzsky's,ChIJQWKtNxLjW4YRhX-PUA9gewo,1,4.3,626,30.058204,-99.127314
Kerrville,TX,Good Taste Asian Buffet,ChIJRbkGWbjjW4YRtmFjKnlDCV8,0,3.4,163,30.0558308,-99.1293917
Kerrville,TX,Bamboo Asian Buffet,ChIJ66KfaxHjW4YR7UeFKhW3aLo,2,2.8,132,30.0558308,-99.1293917
Kerrville,TX,Taco Casa,ChIJ-8dCOhHjW4YRgxTdbWZtMBo,1,4.3,1035,30.0555556,-99.1308333
Kerrville,TX,Dairy Queen Store,ChIJsyTALBfjW4YR7l-o4M39z4U,1,3.7,438,30.0545443,-99.1322163
Kerrville,TX,Soaring Dragon Chinese Restaurant,ChIJeXVixhnjW4YRuQJmSK2YFvs,2,4.6,554,30.0525476,-99.1356087
Kerrville,TX,Broken Stone Pizza Co,ChIJjUuezRnjW4YRAR5v2XECuYU,2,4.4,336,30.0515914,-99.1352433
Kerrville,TX,Buzzie's Bar-B-Q,ChIJ590jeh7jW4YR41DrqeEAQeA,2,4.3,453,30.0532375,-99.1436201
Kerrville,TX,Taco Bell,ChIJ34Z5ThjjW4YRjKctabOJCP4,1,3.6,649,30.0511502,-99.1358779
Knoxville,OH,Main Street Station,ChIJNb5LbyurP4gR8pQGAONwBRM,1,4.6,237,40.4950945,-84.3168391
Knoxville,OH,Pizzapizxa,ChIJFXUKm1urP4gRBWpy6LW-NQo,0,0,0,40.4812939,-84.3432817
Marys,OH,E-Z Campground & Diner,ChIJoTQd2RRUPogRwDof6c8Yc3g,1,4.2,129,40.5586219,-84.3386447
Bremen,OH,Green Thumb Farm Fresh Cafe & Restaurant,ChIJkR8TnsOtP4gRZgXO3Q3K_7A,0,4.4,13,40.4809745,-84.3758171
Marys,OH,Circle K,ChIJkchZ7KVTPogRJmxNthhQsm0,1,3.8,118,40.5449657,-84.3847346
Marys,OH,C & C Loft & Lounge,ChIJ2yvAAKZTPogRbZ6NplvTEEs,1,4,116,40.544119,-84.385497
Marys,OH,Guarnieri Pizzeria,ChIJD1Wr46VTPogRyMpk57mJhvs,2,4.5,213,40.5443626,-84.3858468
Shenandoah,IA,Elm Street Grill,ChIJKe03AY7DlIcRGTGm2DVwW78,0,4.7,18,40.7499658,-95.3738816
Shenandoah,IA,Tabor Ia,ChIJSx1Xx2jBlIcRGqDy4mlmNdQ,0,0,0,40.7666169,-95.3634714
Shenandoah,IA,The Sanctuary Restaurant,ChIJk9zcOu3BlIcRC6QaJsWjaXE,2,4.7,143,40.7642721,-95.3735128
Shenandoah,IA,Sheri's,ChIJWcECH5PBlIcRpgS1AATfM14,0,4.3,70,40.7656883,-95.3715661
Shenandoah,IA,Win Wang Chinese Buffet,ChIJ8XJ-HpPBlIcRmhDecXF6siw,1,3.7,95,40.765832,-95.371402
Shenandoah,IA,Nishna Valley Cafe - Lu and Al’s,ChIJgX_pK5PBlIcRxE4cv_swVv0,1,4.5,74,40.7660651,-95.3732415
Shenandoah,IA,Depot Restaurant & Lounge,ChIJSUUwyO3BlIcR2KvJpvSU8vU,1,4.4,456,40.7664525,-95.3759206
Shenandoah,IA,Subway,ChIJf_pCyfrBlIcR4s4QhB1nB3w,1,4.5,136,40.7619813,-95.3844557
Shenandoah,IA,Mondo's Restaurant,ChIJUYbDFeXBlIcR4NWJQh-g_eM,1,4.1,285,40.7632124,-95.3845882
Shenandoah,IA,McDonald's,ChIJRz71x_rBlIcRZPlL6yE8Prg,1,3.5,433,40.761948,-95.3856191
Shenandoah,IA,Burger King,ChIJvQRMDOXBlIcR8suy96d3nTs,1,3.5,233,40.7643198,-95.3846359
Shenandoah,IA,El Porton Mexican Grill,ChIJFdIHx_rBlIcRGEOqpYVfkMg,2,4.2,371,40.7624205,-95.3870884
Shenandoah,IA,Pizza Hut,ChIJw7Yto-XBlIcRY9o6ENj9g0s,1,3.4,117,40.7652197,-95.3855297
Shenandoah,IA,China Gate,ChIJ0_HBvOXBlIcRGPPjCkZ_Wn0,1,4.2,80,40.7655349,-95.3856263
,,,,,,,,
,,,,,,,,
,,,,,,,,
,,,,,,,,
,,,,,,,,
Pleasant,UT,Leticia's el Sabor latino,ChIJUZLtNlkVTIcRbgqFgY0R9b4,0,4.8,15,39.5469561,-111.4577948
Pleasant,UT,Main Street Pizza Mt. Pleasant,ChIJiyQTMj8VTIcRBMnAM7_Zyf4,1,4.3,106,39.5469038,-111.4569915
Pleasant,UT,Rodger's Dairy Freeze,ChIJ7T-EGz8VTIcRzyKjYOc1i0s,1,4,308,39.5469442,-111.4556249
Pleasant,UT,Wheeler's Drive-In,ChIJS7CvkT4VTIcRTNe-PQyA9JY,2,4.2,412,39.5449204,-111.4557635
Pleasant,UT,Subway,ChIJiRQFCiMVTIcROEUufCzfP2I,1,3.6,83,39.5321137,-111.4635307
Pleasant,UT,Cavalier Pizza,ChIJ7xMFCiMVTIcRyRNZzMgUQUA,2,4.4,294,39.5321094,-111.4633312
Fairview,UT,Home Plate Café,ChIJIU2jrSI_TIcRskv7GFIBD_c,2,4.1,383,39.6314543,-111.4394918
Beetown,WI,Valley Public House,ChIJP82BfMfA_IcRxEV_efSvtxs,0,4.3,46,42.795008,-90.886288
Potosi,WI,Burton Tavern,ChIJg9C-C-_F_IcRo2cfQmHxHQU,1,4.6,56,42.7184878,-90.8148647
Karthaus,PA,Riverfront Bar & Grill,ChIJvXr9MzMlzIkR3fGJYa3xUnM,0,4.4,46,41.1176774,-78.1102979
Karthaus,PA,Quehanna Lodge Bar & Grill,ChIJvTWQUKI6zIkRpJZewPOKG38,0,4.6,199,41.1390495,-78.131607
Darlington,SC,Mayflower Seafood Restaurant,ChIJo2za6DtwVYgRbZhIfB8XVUg,1,4.5,1672,34.2988433,-79.9372406
Darlington,SC,Sara's Porch,ChIJTULKUyFvVYgRt26LLCnkzug,0,4.5,173,34.3109715,-79.8999405
Darlington,SC,Raceway Grill,ChIJ0-xC6cZvVYgRlrMAgcG3tuQ,1,4.7,268,34.2969529,-79.9003931
Gallup,NM,The 505 Burgers & Wings,ChIJwWrwJFzeJIcRuLKsA9Ts9Yo,2,4.5,540,35.5070688,-108.7430805
Gallup,NM,Rocket Cafe,ChIJVXVqdPXeJIcR_pccGHgHmtE,2,4.1,307,35.5095042,-108.7380539
Gallup,NM,Cocina De Dominguez,ChIJSZ_BAfXeJIcRJaMGuC_n6Xo,2,4.3,315,35.512501,-108.739273
Gallup,NM,Peewees Kitchen,ChIJhTPCAfXeJIcRO0-o8GiG5pA,0,4.5,62,35.5129203,-108.7392654
Gallup,NM,Badlands Grill,ChIJZa-yOJ0gJYcRPTmsdXR2jD8,3,4.2,246,35.5155178,-108.7811185
Gallup,NM,McDonald's,ChIJqeZBJe4gJYcRDuNoCxECvU0,1,3.6,722,35.5171333,-108.7756455
Gallup,NM,El Charrito,ChIJZa-yOJ0gJYcRSMTHzehNkWE,2,4.3,251,35.5174099,-108.7747707
Gallup,NM,Blake's Lotaburger,ChIJZa-yOJ0gJYcRXCRL4rGe5is,1,4,408,35.5175275,-108.7742232
Gallup,NM,Sonic Drive-In,ChIJZxBEJe4gJYcRWRv_uPgB0-w,1,3.7,466,35.5183715,-108.7716674
Gallup,NM,Taco Shack,ChIJjR13tfbfJIcRNlyRvubH_Eo,0,4.1,27,35.5168615,-108.7396117
Gallup,NM,Garcia's Sunset Grill,ChIJs7p7_hvfJIcRQWi7954z4CU,2,4.4,71,35.520471,-108.764901
Gallup,NM,Sandra’s Place,ChIJZa-yOJ0gJYcRnQqv2O7Yqsk,0,4.6,204,35.521414,-108.761969
Gallup,NM,Mexican Springs Food Distribution,ChIJ3UC9cx7fJIcROb3n6-YXLnc,0,0,0,35.5216128,-108.7613493
Gallup,NM,Oasis Mediterranean restaurant,ChIJM04yl-neJIcRVjRjEzLuGrs,2,4.8,390,35.5221399,-108.7602667
Gallup,NM,El Sombrero Restaurant,ChIJ_Qcd5uHeJIcRJmEr8pyLndY,2,3.8,696,35.5223832,-108.7591218
Gallup,NM,Blake's Lotaburger,ChIJO9cay-3eJIcRaZaS8g9IgEU,1,3.9,330,35.5197295,-108.7403045
Gallup,NM,Virgie's Restaurant & Lounge,ChIJZa-yOJ0gJYcRzKUVGmXSecU,2,4.1,550,35.510993,-108.8033875
Gallup,NM,Genaro's Cafe,ChIJB4p5tOjeJIcRDpNW55Xfa7I,2,4.5,717,35.5239944,-108.7468109
Gallup,NM,Don Diego's Restaurant & Lounge,ChIJZa-yOJ0gJYcR4nZhVtBFFRs,2,4.3,828,35.525193,-108.7503751
Gallup,NM,Gordo's Restaurant,ChIJF1u6RebeJIcRtv2ag5D1dsU,2,4.5,270,35.5251465,-108.7499237
Glennie,MI,Chat'n Chew,ChIJJRXD8ga3IIgRN7Cxkd2dIdY,1,4.5,87,44.5589786,-83.7248446
Glennie,MI,Wolfs Den Restaurant,ChIJKwqmAEe3IIgReVPUSkLaW0Y,0,4.3,115,44.5609096,-83.7261655
Glennie,MI,Eagle Ridge Golf Course,ChIJWT4afrO3IIgRBfhAgdplXyo,0,4.5,108,44.5533046,-83.7212401
Hye,TX,Hye Thai,ChIJkYDiPuafW4YRPF-RNw20xmk,0,4.9,46,30.2459399,-98.5380178
City,TX,Old 290 Brewery,ChIJR1JxEaQLW4YRTuhVlPr6Gs8,0,3.1,9,30.2627089,-98.4727968
City,TX,Carter Creek Winery Resort & Spa,ChIJaZMfjJULW4YRMumfX8pwIbg,0,4.4,34,30.2628979,-98.4721204
Hye,TX,Garrison Brothers Distillery,ChIJh4dm7TOfW4YRukkXlQSev-s,0,4.7,214,30.2174483,-98.5665994
Blanco,TX,Kovar Ranch Cleft In The Rock,ChIJrWDAC9idW4YRgI_PRkcvy50,0,5,1,30.1588036,-98.51607
Hye,TX,Hye Market Deli & Eatery,ChIJ7xAYhVSfW4YRqKqAQ0OPv-Q,0,4.6,351,30.242499,-98.570104
Hye,TX,Hye Dance Hall,ChIJ3c7Z3sCfW4YR_q9_ulrOIR0,0,5,8,30.2430755,-98.5699559
Prime,QC,Chez Perron (Boutique de la Fromagerie Perron),ChIJb8OI8wsBwkwRQpUL7WNRnzk,0,4.4,489,48.5933472,-72.3353
Prime,QC,Restaurant Chez Perron,ChIJKb037AsBwkwRmzPVtBf-TXA,2,3.9,94,48.5933261,-72.3352047
Prime,QC,Le Casse-O,ChIJAeGxHbcBwkwRmCAo3FXILzc,0,0,0,48.5909751,-72.333916
Félicien,QC,Club Tobo-Ski,ChIJF168M_wFwkwRQDjBXSVZRKc,0,4.7,90,48.591464,-72.49997
Laketon,IN,Blue Bird Cafe,ChIJZzbAnuU7FIgROP8DlRF4GfM,1,4.4,52,40.9741031,-85.8352262
Sylvia,KS,Oasis Convenience Store,ChIJzZFounz0pIcRGkX3lHn5FCk,0,4.4,14,37.9689971,-98.4073301
Glacier,MT,Eddies Cafe & Gifts,ChIJ5Z9FfFUXZlMRRUZDB94xmF8,2,4.1,251,48.5275361,-113.9941083
Glacier,MT,West Glacier Café,ChIJM1-2O5gXZlMRgyvvHqt6LDc,0,4.1,273,48.4963573,-113.9833521
Glacier,MT,Middle Fork Eats,ChIJP0Shrw0XZlMRsZnGc-WwWeM,0,3,2,48.4965416,-113.9825769
Glacier,MT,Belton Chalet,ChIJY7A-J5oXZlMRfV0eujQIftc,0,4.4,158,48.4966111,-113.9771564
Glacier,MT,Glacier Highland Restaurant,ChIJoyXKCZwXZlMRRQO_uHEAXyg,2,4.2,227,48.4957234,-113.9790486
Glacier,MT,Glacier Highland,ChIJUa7A8msiZlMR4n7ZCjGSsRY,2,4.2,83,48.495627,-113.979022
Glacier,MT,Belton Grill Dining Room & Tap Room,ChIJfeiMJ5oXZlMRNh8SWy7Mq6M,0,4.6,49,48.4965528,-113.97618
Falls,MT,Wandering Gringo Cafe,ChIJV2A9YbEXZlMRCnKTaCE_K3s,0,4.5,198,48.4856376,-114.0004272
Glacier,MT,Great Northern Railway Cafe,ChIJSf8D5LMXZlMRTE4_AHKkvY8,2,4.3,49,48.4847488,-114.0018005
Glacier,MT,Crown of the Continent Discovery Center,ChIJpS2USLQXZlMRgumrMGxcRPQ,0,4.5,65,48.482572,-113.999998
Glacier,MT,La Casita,ChIJcZIZSbQXZlMRAeM2HwPZd30,0,4.6,129,48.4825718,-113.999998
Glacier,MT,Sunflower Cafe & Catering,ChIJQcaE5LUXZlMR0cUDTNZUsEo,0,4.8,53,48.4810316,-113.9965066
Owensville,MO,McDonald's,ChIJT1MvE-Pq24cRC8xXJgyHzAs,1,3.3,597,38.3447898,-91.4939442
Delano,MN,Amercian Legion Post 377,ChIJ97D1DdKptFIRuaWlxjTBi-4,0,4.5,40,45.0425195,-93.7918886
Delano,MN,Bridge House Coffee & Cafe,ChIJVVLVI6-ptFIRAPeOlcTXYFs,2,4.7,168,45.0421191,-93.7891227
Montrose,MN,Jacque B's Kitchen & Cocktails,ChIJxyWy-O6vtFIRhVroKFKPszI,2,4.2,266,45.0708333,-93.9119444
Delano,MN,Dave's Town Club,ChIJVxvYwK-ptFIRGqAp-ETmPsY,1,4.4,737,45.0414846,-93.7891863
Delano,MN,Brickside Grille & Tap,ChIJRXwf-PGptFIR-z6E1ugntjM,2,4.5,236,45.041712,-93.7876487
Buffalo,MN,Norm's Wayside,ChIJqyMck7umtFIRI86pqvx9vRc,2,4.1,856,45.1464972,-93.8379111
Delano,MN,Peppermint Twist Drive In,ChIJN2EZ76WptFIRUyEwM7vXFM8,2,4.6,416,45.0391312,-93.7917254
Montrose,MN,Lino's Mexican Grill,ChIJbdQkk-evtFIRl0PO64X_0PI,0,4.4,120,45.0646667,-93.9147139
Delano,MN,Dairy Queen Grill & Chill,ChIJ_1DesKaptFIRhpw87IKBObQ,1,4.3,474,45.0352588,-93.7912756
Delano,MN,Pho Viet 45,ChIJHUeRJGSptFIRokWm4hBeCAU,0,4.6,144,45.0353141,-93.790474
Delano,MN,El Molcajete,ChIJt5xQiKOptFIRjrAmgAU1zOM,2,4.7,432,45.035183,-93.790206
Delano,MN,Holiday Stationstores,ChIJTygb9aWptFIRYrPHD-EJS6I,0,2.8,20,45.0351956,-93.7895248
Rockford,MN,Clays Restaurant,ChIJZxJcc8pZs1IRPpvxmWPMSfI,2,4.1,226,45.0937985,-93.7451594
Rockford,MN,El Bamba Rockford restaurant,ChIJ7cbzhcRZs1IRsWHwb5Coh9E,1,4.3,226,45.0920289,-93.7439668
Delano,MN,Pizza Hut,ChIJFVdLq76ptFIRGm4yXIiTbtI,1,3.3,119,45.0349953,-93.7846988
Tubac,AZ,Stables Ranch Grille,ChIJWf0hyk2g1oYRPjtqo9-vIfM,0,4.4,264,31.6260292,-111.0438368
Tubac,AZ,Melio's Trattoria,ChIJb-Ihm0mg1oYR9tTM7XZFrPQ,2,4.3,204,31.6201425,-111.052737
Tubac,AZ,Soto's Outpost Mexican Restaurant,ChIJS_2tOJyh1oYRwId1QhanfNk,2,4.4,131,31.6142168,-111.0486953
Tubac,AZ,Untamed Confections,ChIJJ60vJoOm1oYRk7wSeebTTB0,0,4.4,23,31.613872,-111.051371
Tubac,AZ,Elvira's Restaurant,ChIJjfWo7E6g1oYROK5qIa3xyI4,3,4.4,485,31.6136282,-111.0516224
Tubac,AZ,Tubac Deli & Coffee Co,ChIJuStHw02g1oYRCU7uHUlzR4o,2,4.3,193,31.6132649,-111.0510516
Tubac,AZ,Wisdom's DOS (Wisdom's 2),ChIJPXzFbU2g1oYRGXJ7AsmknXc,0,4.4,223,31.613211,-111.051221
Tubac,AZ,Tubac Jack's Restaurant & Saloon,ChIJI6Xq7E2g1oYRao8z2ivI99U,2,4.1,432,31.6126975,-111.0505971
Tubac,AZ,The Old Tubac Inn,ChIJw9VSlk2g1oYRChcC8gK6s-U,0,4.5,28,31.6126733,-111.0507445
Tubac,AZ,The Goods ~Tubac,ChIJXXp_9E2g1oYREmSZ5jnn6Pw,0,4.5,79,31.6119444,-111.0491667
Tubac,AZ,Community and Connections,ChIJHax6yUKh1oYR4dDtB1JTrt0,0,0,0,31.6116386,-111.0500699
Tubac,AZ,Shelby's Bistro,ChIJvUY55U2g1oYRUZUCGerfxCA,2,4.1,232,31.611011,-111.0501476
Tubac,AZ,Habanero's Mexican Restaurant - Tubac Arizona,ChIJ9ThLc2eh1oYRAgypb22KbiU,0,4.3,163,31.6104545,-111.0502495
Tubac,AZ,The Italian Peasant,ChIJEQMIFVKg1oYRN_WFuTfQfZ0,2,4,434,31.6103556,-111.0506528
Amado,AZ,FIRE FLY RESTAURANT,ChIJKUoxoV6c1oYRs1urJu5TJ7M,0,5,2,31.7235712,-111.0572059
Amado,AZ,Firefly Restaurant,ChIJ7UoHAnqe1oYRjs3ubNESsyo,2,4.6,257,31.7235964,-111.0572183
Amado,AZ,Mia's Mexican Food / Rico's Tacos (food truck),ChIJha5GpOCf1oYRSeYPtU_GbPg,0,0,0,31.7263775,-111.0613133
Amado,AZ,Longhorn Grill and Saloon,ChIJRaG9K1mf1oYR7vq7SyCsZ5U,2,4.2,446,31.7276239,-111.0606244
Vichy,MO,Sput's Place Bar And Grill,ChIJmXPJJUCp24cRtflcTkv5Q5M,1,4.5,129,38.0690637,-91.7729895
Vichy,MO,Vichy Wye Restaurant,ChIJxTwoViVU2ocRPlv9gUHmv8k,0,4.4,93,38.1250686,-91.7844696
Jack,MO,Mixing bowl noshery,ChIJFachhos_wYcRLBrjSzVyZ5c,0,0,0,38.8681897,-94.1124747
Jack,MO,50 Roadside Cafe,ChIJ8a4zlEo8wYcRlijNk5QyufQ,0,4.6,8,38.8803824,-94.1704301
Kingsville,MO,Cafe Thyme,ChIJPytgKvdAwYcRsyE5DC6j7Hw,0,4.2,5,38.8628317,-94.0493324
Jack,MO,Lone Jack Cafe,ChIJyyq_2ko8wYcRxL0GlW28_0w,1,4.6,451,38.8700733,-94.1729693
Jack,MO,Subway,ChIJTZhaI0o8wYcR7frPPZa7Y7s,1,3.7,61,38.8672184,-94.1718501
Jack,MO,China King Restaurant,ChIJGw7YIko8wYcR5lkO2D7feGk,1,4.1,64,38.8670545,-94.171867
Jack,MO,El Paisas Mexican Restaurant,ChIJq3dzeMU9wYcRpKsjNo0GW8s,0,4.5,175,38.8670295,-94.1718942
Jack,MO,Sonic Drive-In,ChIJTZhaI0o8wYcRQxp4qM9yDng,1,3.7,443,38.8675061,-94.1726333
Silsbee,TX,Casita Del Taco,ChIJPzkPaAs9OYYRpE9g33-CDXg,0,5,9,30.3802827,-94.1690643
Silsbee,TX,West Texas Style Bar-B-Que,ChIJ1TvLfEY5OYYRAwFcTUY7_NM,2,4.4,149,30.3564001,-94.1353699
Silsbee,TX,Honky Tonk Texas,ChIJP-n-nlw5OYYRLQzCxVSxK00,2,4.5,383,30.3531201,-94.1446953
Silsbee,TX,Little Mexico Café,ChIJWX3q82c9OYYR--WMDc8Z0aU,0,4.5,55,30.3617791,-94.1719913
Silsbee,TX,Domino's Pizza,ChIJ_dUldao9OYYR927ksyxixUU,1,3.5,219,30.3617791,-94.1719913
Silsbee,TX,Tiger Hut,ChIJoy9k0Iw7OYYRQhNZhn3zeaI,0,4.2,123,30.360655,-94.1718037
Silsbee,TX,Munchies Ole,ChIJ75Blgo07OYYRlupgi0WZoik,2,4.4,591,30.359448,-94.173555
Silsbee,TX,Dairy Queen Store,ChIJX7yYgY07OYYRRpN0rts1uqU,1,3.7,282,30.3589297,-94.1737704
Silsbee,TX,Chance 24 BBQ,ChIJ-01a40Y8OYYR5zuPX_PqSe4,0,0,0,30.4001877,-94.1747071
Silsbee,TX,Big Madre - Tacos y Tortas,ChIJ4c21R5k9OYYR_KhzSo5uj84,0,0,0,30.4006937,-94.1746545
Silsbee,TX,McDonald's,ChIJ2fwq6mM5OYYRs1iXuOCvYQ0,1,3.1,146,30.3410166,-94.1470395
Silsbee,TX,Chili's bar and grill,ChIJeYW02_k5OYYRp4my3_xaKt0,0,4,1,30.3402501,-94.1490696
Silsbee,TX,Subway,ChIJ4WHJ1rw7OYYRaDOqUt4GqMo,1,4,48,30.3395027,-94.1496078
Silsbee,TX,Novrozsky's,ChIJeVe5Tts7OYYRlNiKKKyS-8Q,0,4.2,202,30.3399616,-94.1612337
Silsbee,TX,A&J's BBQ Express,ChIJ68pI-Vg7OYYRdn8It2o3pbk,0,0,0,30.3476741,-94.1787351
Silsbee,TX,Krakhouse Kitchen,ChIJaZ2NUJw7OYYRRALQ8nW4_i4,0,4.9,8,30.346971,-94.1781252
Silsbee,TX,Mi Pueblo,ChIJ13z_Mcc7OYYRU8K0V-Y787U,2,4.5,730,30.3399026,-94.1698578
Silsbee,TX,Jack in the Box,ChIJ3ZuXSb07OYYRUdXE_F-EGs8,1,3.3,504,30.3437736,-94.1804212
Silsbee,TX,McDonald's,ChIJh5AD7GM5OYYR1P28Sqt8fUU,1,3.3,958,30.3443836,-94.1815927
Silsbee,TX,Subway,ChIJ4WHJ1rw7OYYR_X2Puvp-qRo,1,4.4,209,30.3430237,-94.1822441
Columbus,MS,Doug & Hazel's Drive In,ChIJV5jPrB3shogRDGI3xM1nnhU,2,4.6,297,33.5149665,-88.3866341
Columbus,MS,Ja Co Foods Inc,ChIJWUsOihPshogRcAUvxG3YsTQ,0,0,0,33.4990232,-88.387173
Columbus,MS,Kountry Kitchen,ChIJ80rNY4jthogRz3KwjHZy9eY,0,4.4,17,33.5155648,-88.3852416
Columbus,MS,Burger King,ChIJaxVP6RTshogRztO17uF8JkQ,1,3.8,295,33.4968716,-88.3856119
Columbus,MS,Wendy's,ChIJi8ZkBRPshogRXWAjB_PaJjs,1,4.1,542,33.49735,-88.3889379
Columbus,MS,Hardee's,ChIJx1si3xTshogRl6P2qHG3Fiw,1,4.1,312,33.4966464,-88.3846586
Columbus,MS,Subway,ChIJ2axpQBXshogRmNPqEPfYTwg,1,4.1,81,33.496296,-88.383403
Columbus,MS,Wings Fish & More,ChIJ79QbQxXshogRprjIHqn46go,1,4.2,184,33.4961443,-88.3830127
Columbus,MS,Sonic Drive-In,ChIJm9hmXxXshogREkXip-efavA,1,3.8,464,33.4960949,-88.3822368
Columbus,MS,KFC,ChIJXwFv4LTthogRev-MKED8s7c,0,0,0,33.495506,-88.3835671
Columbus,MS,KFC,ChIJewgINxXshogRY_CE4lzr9uc,1,3.5,129,33.4954164,-88.3835822
Columbus,MS,Subway,ChIJ6Q2M_53uhogREmht-PNBy5w,1,3.9,40,33.5181991,-88.3769772
Columbus,MS,The Mexican Kitchen,ChIJ4WaJa7jrhogRKckITFwXoEg,2,4.2,129,33.4948237,-88.379017
Columbus,MS,Pizza Hut,ChIJuRDQ1GzshogRtQEqFTiylcI,1,3.4,126,33.4944066,-88.3897138
Columbus,MS,Farmstead Restaurant,ChIJD7CwaUDshogRtQWn3YJnLzI,1,4.3,167,33.4939335,-88.3809641
Columbus,MS,Captain D's,ChIJq3l5r0DshogRYr_Soy2uJuo,1,4,184,33.494524,-88.377894
Columbus,MS,Super Crown Wings,ChIJqx67WezthogRxkaVKXDRTug,0,4.4,51,33.4944795,-88.3774789
Columbus,MS,Mo Jam's BBQ,ChIJNYeL7VvthogRvcluU7YVsXk,0,4.7,19,33.498156,-88.3993579
Columbus,MS,Cafe Unique,ChIJ94HxrW3shogRFXNI_MZ2npQ,0,4.8,42,33.4917177,-88.3897244
Columbus,MS,Glenn's BBQ,ChIJf7Axi-HthogRimIEOyMTKJ8,0,4.7,90,33.4936123,-88.3730618
Seminole,OK,Willis Quick Stop,ChIJCz1pToSUs4cRYlf96Ox1aEg,0,3.9,8,35.188234,-96.6753935
Keene,ON,Elmhirst's Resort,ChIJKc7b4NPx1YkRU7nNBdcd_-Q,0,4.5,576,44.2496951,-78.1087271
Keene,ON,"Hearthside Room, Elmhirst's Resort",ChIJq6LgAJ_61YkRPO1G7mVKPCE,0,4.7,3,44.2558297,-78.1123279
Keene,ON,Mama Milisa's kitchen,ChIJC_r9i_nx1YkRVKm9G4Kv0IE,0,0,0,44.2402768,-78.1620769
Keene,ON,Mama Milisa's kitchen,ChIJf50bp07x1YkRysqHRDCjzpA,0,3.8,49,44.2402819,-78.1620876
Keene,ON,Muddy's Pit BBQ,ChIJN_e75vKM1YkRRE52h9wG5_Y,2,4.6,735,44.239829,-78.163728
Roseneath,ON,Pizza Pad,ChIJveRztMfl1YkRTP-PZXaPt08,1,4.2,32,44.1703667,-78.0745607
Pocatello,ID,Camas Sports Grill,ChIJW1XnF2I_VVMRUabsktCpu9g,0,3.8,34,43.0248039,-112.411339
Pocatello,ID,Shoshone-Bannock Casino Hotel,ChIJ74uZrFQ-VVMRuMxWmduDtgw,0,3.8,3034,43.0245529,-112.4118259
Ocala,FL,Circle K,ChIJM48RRsAr5ogRyDO8KyQss6Y,1,3.4,11,29.2591613,-82.151255
Ocala,FL,Sam's St John's Seafood,ChIJj091osEr5ogR7_ua1yMsqu8,2,4.2,731,29.2604711,-82.1503469
Ocala,FL,China Wal,ChIJ4c-XmMEr5ogRCFWymD0lXoA,1,4.1,313,29.2605983,-82.150346
Ocala,FL,Mex-Rican Grill and More,ChIJIx7TXr4r5ogRTgBvDjNTZFI,0,5,2,29.2615218,-82.1503678
Ocala,FL,Stacks food & More,ChIJl2Soz4It5ogRA1R6LSckD6U,0,0,0,29.2635675,-82.1215982
Ocala,FL,Smokin Swamp BBQ,ChIJY3JagHws5ogRWDrnLfu7zGY,0,4.5,23,29.2377258,-82.1195513
Ocala,FL,Shell,ChIJ3bTqzRMs5ogRsjaeJEItQa8,2,3.3,10,29.25987,-82.114004
Ocala,FL,bp,ChIJIw5Ivwor5ogRBi3Sc7-8iXM,0,4.2,5,29.232684,-82.1507936
Ocala,FL,Circle K,ChIJAR6r3RMs5ogRbD_vOn4ZDY4,1,3,10,29.259997,-82.1127331
Ocala,FL,Shuckin shack,ChIJ3TrWrykr5ogRUOFf209roYs,0,5,1,29.226681,-82.1398804
Ocala,FL,Northgate Diner,ChIJA8Jb2qcr5ogRGrVrhJRPK1w,1,4.3,549,29.223698,-82.1231205
Ocala,FL,Shell,ChIJFUHclHIr5ogRJW37Diml358,2,4.5,4,29.2235166,-82.1480639
Ocala,FL,Circle K,ChIJ-2YSlXIr5ogRZiESrjpQfB0,1,3.5,14,29.223548,-82.1483844
Ocala,FL,Subway,ChIJTdXgv3Ir5ogRuE2k4Ndo-2U,1,4.1,146,29.2235329,-82.1483779
Ocala,FL,Hungry Howie's Pizza,ChIJ4YLJim0r5ogRpari-FsG8dM,1,3.8,360,29.2224893,-82.145519
Ocala,FL,McDonald's,ChIJS51YfHIr5ogRix9YEMfYJBY,1,3.4,1621,29.2227117,-82.1466597
Ocala,FL,Wok N Stuff II,ChIJ4YLJim0r5ogRM8mxixlg7EQ,1,4,115,29.2222541,-82.1452244
Ocala,FL,Càndler country club,ChIJlQdfcmYr5ogRTwqEnbfQWA0,0,1.5,2,29.2787765,-82.12784
Ocala,FL,Zaxby's Chicken Fingers & Buffalo Wings,ChIJN8Bsfm0r5ogRccXwgkBaOrQ,2,4.2,373,29.2221324,-82.1479157
Ocala,FL,KFC,ChIJY8B2kG0r5ogRnYlcw2zlcLI,1,3,192,29.221383,-82.1461283
Howell,MI,Eagle Express Liquor & Deli,ChIJG32057RcI4gRqQ4MOP8bSqE,0,4.7,96,42.6319657,-83.7679024
Howell,MI,Toledo,ChIJh8g-qH1DI4gR0MYps91sPPU,0,0,0,42.6401961,-83.7651293
Howell,MI,Pizza Hut Express,ChIJPzEJ_8lcI4gROaq4MUuLvm8,1,3.5,6,42.635768,-83.756777
Howell,MI,"Tony Sacco's Coal Oven Pizza Howell, MI",ChIJB-a8IrZcI4gRKd55iUd1Fkc,2,4.3,654,42.6347865,-83.7557098
Hartland,MI,Subway,ChIJ2Tvxo7dcI4gRgqdOTpF_zyk,1,3.6,93,42.6347971,-83.7556035
Howell,MI,Mackle's Table and Taps,ChIJ8-6P_rlcI4gRQ1GPZP-3-r4,2,4.5,891,42.630498,-83.7517421
Hartland,MI,Jimmy John's,ChIJS3UFbr9cI4gRL-DV3oylCQs,1,4.1,143,42.6320568,-83.7523037
Howell,MI,Wings Etc.,ChIJkWwZIYddI4gRNKpn6VRX1PQ,0,4.1,90,42.630747,-83.751697
Howell,MI,Jet's Pizza,ChIJCyiRs7BcI4gRBUhBp6XVPl4,1,3.6,112,42.6308371,-83.7517079
Hartland,MI,Speedy Café,ChIJ6TVvfrdcI4gReBBDqkW9wvM,1,3.3,4,42.6324756,-83.7519941
Hartland,MI,Tropical Smoothie Cafe,ChIJ8UkpmbdcI4gRAKMbhwm9L14,1,4.5,126,42.6318311,-83.7515928
Hartland,MI,Mexican Fiesta - Hartland,ChIJHb0Fbr9cI4gR_edzziO3a3o,2,4.2,811,42.6319171,-83.7511463
Howell,MI,Mexican Fiesta Express,ChIJLTxnpLdcI4gRsw1ygG7z-EY,2,4.3,239,42.6319864,-83.7511618
Hartland,MI,New Asia Restaurant,ChIJL083obdcI4gRR2Umyq-Z2uE,0,3.4,67,42.631847,-83.7509033
Hartland,MI,Guido's Premium Pizza Hartland,ChIJvfYGbr9cI4gR-fzi-OgpzfU,2,4.3,126,42.6319434,-83.7508427
Hartland,MI,"Black Rock Bar & Grill - Hartland, MI",ChIJdZYgnLdcI4gRUzWsxqD2eP8,2,4.4,2552,42.63196,-83.7502144
Hartland,MI,Arby's,ChIJbcRTL7hcI4gRFx1Bvv2HIwg,1,3.8,377,42.633641,-83.7509438
Hartland,MI,Wendy's,ChIJU_dq2rhcI4gRsdH5hBfCXsI,1,3.7,607,42.6328226,-83.7472206
Hartland,MI,Panda Express,ChIJ_XeFH1FdI4gRl-9koVOSu9I,1,3.8,122,42.6343307,-83.7456436
Hartland,MI,Checkers,ChIJPZu3pMNdI4gR1CxgpfJcXbU,1,4.1,212,42.6332114,-83.7448906
Madrid,MO,Pro Pizza,ChIJN1ksGRr4eIgRbWc6Bll5PbI,1,3.8,42,36.5927,-89.5417883
Madrid,MO,Pizza Hut,ChIJKcCLoBn4eIgRE-RAGR2TeBw,1,4,49,36.5909215,-89.5420783
Madrid,MO,Subway,ChIJ64FOxBj4eIgRneZdbONr0Ac,1,4.4,46,36.5903869,-89.5426113
Madrid,MO,El Braceros,ChIJ5X_hzhj4eIgRaKeo5NeZroc,2,4.2,59,36.5887216,-89.5446129
Madrid,MO,Casey's,ChIJOSY1raLyeIgRi8s1KBFGtf8,1,4.1,39,36.5880585,-89.545465
Madrid,MO,Backwater Grill,ChIJOX2-OgT5eIgRSt2mB3NaHT4,0,5,1,36.5865153,-89.5455992
Madrid,MO,Taster's Restaurant,ChIJQ2km9N1XeIgR0d5GuhpvLU0,2,3.7,160,36.5963852,-89.533586
Madrid,MO,The Snaggy Bend Café,ChIJ3WYfXsr5eIgR0JAfSVugxEM,0,4.6,27,36.589749,-89.5268789
Lilbourn,MO,Casey's,ChIJ-7_VCWz2eIgRbm3mXAST4GU,1,4.1,26,36.5976726,-89.6167581
Madrid,MO,Flavas Wings & More,ChIJXa4JHmr3eIgRbIGzHH7GM5k,0,0,0,36.568132,-89.6051908
Moore,AL,Restaurante El Ricolino-Supermarket and Restaurant,ChIJQRVWuieNiYgRiBWUfKrYXTA,0,0,0,34.0932063,-86.4112544
Corydon,IN,The Farmhouse Kitchen,ChIJI5oFv8E3aYgRfFEA0LjrsN4,0,5,3,38.2457523,-86.1347481
Corydon,IN,Long John Silver's,ChIJz4FYscg3aYgR0IJr-kIDZSg,1,3.6,254,38.2371447,-86.1256461
Corydon,IN,White Castle,ChIJGy1eTM83aYgRcBoTJOFCyg0,1,4.1,915,38.236732,-86.125778
Corydon,IN,Cracker Barrel Old Country Store,ChIJ71EZUTM2aYgRqTTD204f7cg,2,4.2,2176,38.2371343,-86.1279872
Corydon,IN,O'Charley’s Restaurant & Bar,ChIJZ-WNa8k3aYgRcikEoKmdOSU,2,3.8,1105,38.237629,-86.129293
Corydon,IN,Pizza Hut,ChIJ6TGYE8k3aYgRwC0u8xagMyk,1,3.5,381,38.2366064,-86.1280056
Corydon,IN,Lou's Pizza King,ChIJ0UAEmcg3aYgRN_dz5xjg2G0,2,4.3,50,38.2354777,-86.1247401
Corydon,IN,Yamato Japanese Steak House,ChIJ--yRv8s3aYgRgMGiLy5WimA,1,4.4,269,38.2369666,-86.1296626
Corydon,IN,El Nopal,ChIJ35Zo6sg3aYgRu6BjdcJtnqw,1,4.3,696,38.2354972,-86.1255598
Corydon,IN,Burger King,ChIJ-xnPSc83aYgRCoslSyG1i3c,1,3.6,479,38.2356138,-86.1266878
Corydon,IN,Taco Bell,ChIJZ-WNa8k3aYgRbjStj20OZVI,1,3.6,827,38.2360639,-86.1280771
Corydon,IN,Lee's Famous Recipe Chicken,ChIJV5aNNs83aYgRzbXarvZlPjM,1,4,382,38.2353187,-86.1265951
Corydon,IN,Wendy's,ChIJXYI_XTM2aYgRD6CxHcvXp_g,1,3.6,795,38.235787,-86.128228
Corydon,IN,Papa John's Pizza,ChIJa-VmttY2aYgRNYTHir6EI9c,1,3.9,175,38.236215,-86.130131
Corydon,IN,Waffle House,ChIJ3a49TM83aYgRryqsndr6lh8,1,4.3,794,38.2351618,-86.1272965
Corydon,IN,Beef 'O' Brady's,ChIJNVk8G8k3aYgRqqphzQHa_Tk,2,4.2,695,38.2351618,-86.1272965
Corydon,IN,Subway,ChIJQcM2vik3aYgRnyOcFBo9N-4,1,3.1,27,38.2354421,-86.1303431
Corydon,IN,Arby's,ChIJtYTBIco3aYgRb65-8SE8CJ0,1,4,738,38.2343416,-86.1279202
Corydon,IN,Culver's,ChIJ1w6F7co3aYgRIfbnZOLaw1A,1,4.5,1280,38.2334994,-86.1326006
Corydon,IN,Rita's Taco Shop,ChIJV34r1To3aYgRgSDEjcHcBtA,0,4.5,185,38.2328733,-86.1332138
Paris,KY,Mid Mart Restaurant,ChIJ8--Alo63Q4gRorj7YuOZ9-0,2,4.5,43,38.1419449,-84.1083398
City,CO,IHOP,ChIJm_B-VqiFFIcRtTgluYYIWvc,1,3.9,921,38.4476498,-105.1818667
City,CO,It's Just Wings,ChIJV9GAY_SFFIcRWdTEi6LzEKg,0,0,0,38.4476137,-105.1829839
City,CO,Chili's Grill & Bar,ChIJHUKAXqiFFIcRuYeJ05uKi3U,2,4.1,1126,38.4476137,-105.1829839
City,CO,The Lost Cajun,ChIJgXyMwAaFFIcRVJ_7w0f3J1I,0,4.4,255,38.4465489,-105.1835119
City,CO,Toreros Family Mexican Restaurant,ChIJu5BxJKaFFIcR8LG5xzof-_w,2,4.2,309,38.4463733,-105.1850633
City,CO,China Garden Restaurant,ChIJI2zJs6eFFIcRwW_LZxb_jbw,2,4.5,647,38.447993,-105.187582
City,CO,Subway,ChIJ-Vsb7KCFFIcRmlcZSv9awKo,1,3.9,65,38.4486955,-105.1915056
Penrose,CO,OverEZ Chicken Coop,ChIJf-q1A09GE4cRtFR5TUGkwZA,0,4.6,12,38.43336,-105.105635
City,CO,El Reynaldo's,ChIJY0Qw33eFFIcRr0BA01M5KR8,1,4.4,814,38.4471331,-105.2061404
City,CO,8 Mile bar and grill,ChIJT7TrQUqFFIcRt4QjltpCXHc,0,4,1,38.4479626,-105.206171
City,CO,In N Out Conoco,ChIJY0Qw33eFFIcRb9E9VOiJxTc,2,4.2,354,38.4469645,-105.206359
City,CO,Burger King,ChIJGVTLjXeFFIcR6x4WhGvhwAY,1,3.2,977,38.4483668,-105.2076624
City,CO,McDonald's,ChIJlYFAu_iEFIcRq0HbBt6XOQs,1,3.4,1414,38.4484445,-105.2137055
City,CO,Ortega's Restaurant,ChIJuXNqSX-FFIcR2iATiib-fFA,2,4.2,253,38.4468663,-105.2140492
City,CO,Jimmy John's,ChIJSd3D336FFIcR5-HmWpC1NN4,1,3.9,262,38.448387,-105.2150435
City,CO,Micheal Dean's Country Cafe,ChIJi36CrdOFFIcRIDEPA0UnW9g,0,5,27,38.4242392,-105.210644
City,CO,Bunk House Burgers,ChIJH9vl-H6FFIcRqlunL20CWaI,2,4.5,1232,38.448379,-105.2164183
City,CO,Old Mission Mexican Restaurant,ChIJCy-inoCPFIcRpJYK7Bnamqg,2,4,721,38.44856,-105.219764
City,CO,Subway,ChIJLeK4mYCPFIcRnWGm5bi4wCM,1,4.2,261,38.4485923,-105.2200813
City,CO,Village Inn,ChIJvSlolICPFIcRK9SM9rxEOE4,1,4.1,1011,38.448411,-105.220741
Meaford,ON,Ted's Range Road Diner,ChIJpxQ-AN1SK00R4SSrsqamYI0,2,4.7,306,44.6342072,-80.6624676
Brunswick,ME,Paul's Marina,ChIJFYllkzyArUwRp8BEKM83wH8,0,4.8,66,43.833217,-70.010971
Harpswell,ME,School House 1913,ChIJE9hxWHSBrUwR0ETval5RVF0,0,4.8,21,43.8235912,-69.9640762
Harpswell,ME,Allen's Sea Food,ChIJN38Yn29_rUwRJddZmojL2g0,0,4.9,59,43.807429,-69.9931124
Brunswick,ME,Gurnet Trading Co.,ChIJmSCJyFiBrUwR7U9kzvAyPiY,2,4.5,211,43.865352,-69.9141254
Brunswick,ME,Warmings Market,ChIJdUOnqDiHrUwR2zGYYCpMtCc,1,4.4,124,43.9023235,-69.9672579
Freeport,ME,Wolfe's Neck Farms Café,ChIJ79b4HAqAskwRGvGlnhVph4k,0,4.7,23,43.830704,-70.06784
Harpswell,ME,Whidden Lobster,ChIJIR-F_iV_rUwRSy4wC-_3ETU,0,4.7,6,43.7836153,-69.985781
Brunswick,ME,Jack Magee's Pub and Grill,ChIJEUMeBhWHrUwRNpF_kGse2Eo,0,4.9,12,43.9081539,-69.9601328
Prague,OK,Flame,ChIJZc2eg2rps4cRKcmDGdLbAHw,0,0,0,35.4878737,-96.6857251
Prague,OK,The Kitchen,ChIJyYXHClrps4cRJtmjPfoEeE0,0,4.4,73,35.4877314,-96.6861036
Prague,OK,Destinations,ChIJa8HFQ2rps4cR1kI0bztDTQo,2,4.3,187,35.4863612,-96.6867615
Prague,OK,Subway,ChIJA9g0E2rps4cRqgR102tKSa0,1,4.4,67,35.4860498,-96.6861721
Prague,OK,Cow Pokes BBQ,ChIJr_O093Lps4cRIM-A8-nKE-c,2,3.9,227,35.4869403,-96.6887493
Prague,OK,Sonic Drive-In,ChIJl2D0vGvps4cReIatsGLtkgw,1,3.8,296,35.4863951,-96.6889791
Prague,OK,Good spirits,ChIJf80vwGnps4cRdPuLkFTRnww,0,0,0,35.4837106,-96.6909225
Prague,OK,Ken's Pizza,ChIJbX_1nXPps4cR7W3hxyta1vg,2,3.6,208,35.4863801,-96.7020063
Prague,OK,Juana's Mexican Restaurant,ChIJOxrl92nps4cROfYNjEQ8CPs,2,4.3,174,35.4709608,-96.6801956
Benton,MS,Colemans Steak House,ChIJ42r7Tb7sKYYRshtfxJR-vmI,2,4.5,48,32.8272517,-90.2603459
Pinehurst,GA,Subway,ChIJ8YTjfkUt8ogRxApq8K79Ieg,1,4.1,44,32.1904529,-83.7493425
Unadilla,GA,Allstate Truck stop - Country Restaurant,ChIJSxTw14vS84gRJrNARCGwUBA,0,2.5,12,32.2434165,-83.7464283
Unadilla,GA,Country Buffet & Restaurant,ChIJofEFHF3S84gR7gPemKMOoD4,0,3,54,32.2452778,-83.7455556
Unadilla,GA,Dairy Queen Grill & Chill,ChIJL6JpY2DS84gRoJmke37mpos,1,3.3,304,32.2497249,-83.7425458
Unadilla,GA,Subway,ChIJk2_1PUPS84gRHkGsP5mHVac,1,4.2,99,32.2504673,-83.7415572
Unadilla,GA,Don Ponchos Mexican Restaurtant,ChIJEYYNC17S84gRol6oU9VJofM,0,0,0,32.2519866,-83.7399608
Unadilla,GA,Else Chester chicken,ChIJayaQ3GjS84gR-3yWDoLwjDw,2,3.5,35,32.2595002,-83.7462461
Unadilla,GA,Chevron,ChIJwTix0mjS84gRDYCbQKgvn2s,0,1.8,13,32.2598095,-83.7462106
Unadilla,GA,The 57 Diner,ChIJfQFsDkTS84gREdttscIoJOg,1,4.6,87,32.2622246,-83.7354721
Unadilla,GA,Cree-mee Dairy Bar,ChIJfXoGaj_S84gR7JwdusJ4m9Q,1,4.4,68,32.2694028,-83.737171
Ione,WA,Plazza Pizza,ChIJW1R2h3b5YlMRAVMwmoE0jdY,0,3.9,12,48.7403185,-117.4177592
Ione,WA,Ken's Grill & Bar,ChIJPXPJXHb5YlMRyuQjFxoUhxk,0,4.5,13,48.741128,-117.42019
Ione,WA,The Block Bar n Grill,ChIJ-5XfKHb5YlMRaqNpF1udUgE,2,4.6,74,48.7408256,-117.4224548
Ione,WA,Block bar & grill,ChIJ891guz75YlMR5MoerVjD2NQ,0,0,0,48.7408574,-117.4233821
Tecumseh,KS,Magma barbecue,ChIJUWftG7kFv4cRAUiCdrHBbvg,0,2.3,3,39.046999,-95.5759683
Tecumseh,KS,Taco Bell,ChIJYXCPVdcRv4cRHEP4HfLLUgI,1,3.5,11,39.0199627,-95.5099027
Tecumseh,KS,Pizza Hut Express,ChIJ7YP4_tkRv4cRTmp3oCQTCgg,1,3,7,39.019541,-95.5093458
Tecumseh,KS,Dunkin',ChIJn1ydZl8av4cRMI5kYG5Zl2Y,1,2.9,48,39.019486,-95.5091847
Tecumseh,KS,Hardee's,ChIJSzrm_2wFv4cRWDTgdzr-bBs,1,3.2,57,39.0194781,-95.5090463
Grantville,KS,Country Home Cafe,ChIJ_1hCC_IFv4cRLW4k9m8Nh9Y,1,4.5,226,39.0885153,-95.5729528
Grantville,KS,Kangaroo Express,ChIJNUTP6-0Fv4cRsuDS0bo_LFQ,1,4,1,39.088395,-95.5734483
Cambridge,ON,Vinos Pizza,ChIJGQznYod3LIgRBq4CTZOtHtU,0,3.5,80,43.3445347,-80.2780867
Cambridge,ON,Subway,ChIJa0m_GAd3LIgRri3SlwqF1rM,1,4.1,182,43.3398986,-80.3127786
Cambridge,ON,Tim Hortons,ChIJaQymoAd3LIgRX-OTVyx_2eg,1,3.7,587,43.3407133,-80.3127716
Cambridge,ON,CT Shawarma,ChIJw7_-gph3LIgR4YXJkmgdAVo,1,4.5,690,43.3472277,-80.298977
Cambridge,ON,Double Double Pizza & Chicken,ChIJiQDBb6J3LIgRg7gP_zx5cVE,1,3.1,125,43.347255,-80.298912
Cambridge,ON,Domino's Pizza,ChIJAwCDFml3LIgRRvmgfXXP038,1,3.8,21,43.3534914,-80.2882495
Cambridge,ON,Tony's Family Diner,ChIJcan_AZJ3LIgRvL3Xrk5o_xw,1,4.5,657,43.353657,-80.2880967
Cambridge,ON,Boston Pizza,ChIJfcrKlo13LIgRsavVECkwqBU,2,4,627,43.3541097,-80.2856696
Cambridge,ON,Pita Pit,ChIJS1N-EJJ3LIgRURzLo4YBv_w,1,4.2,118,43.3540702,-80.2886307
Cambridge,ON,Subway,ChIJS1N-EJJ3LIgR8lEY4Tnobe4,1,3.6,108,43.3544117,-80.2887592
Cambridge,ON,Twice The Deal Pizza,ChIJS1N-EJJ3LIgR82r5CzsQrIE,1,3.5,251,43.3544941,-80.2887532
Cambridge,ON,Wendy's,ChIJ_ai-AZJ3LIgRDHfhJRqIvG4,1,3.8,689,43.3551139,-80.2859391
Cambridge,ON,Tim Hortons,ChIJ-xmjpI13LIgRSCcJOzAwWTI,1,3.8,731,43.3555507,-80.2856954
Cambridge,ON,Al's pizza & wings,ChIJP1qGimV3LIgR96pTxqReBXk,0,4.3,62,43.3501699,-80.3069038
Cambridge,ON,Tito's Pizza,ChIJf1nE2aR3LIgRXfqYQjadXGI,1,3.6,104,43.3501699,-80.3069038
Cambridge,ON,Fast Eddie's Hamburgers,ChIJUfKgQpJ3LIgRSaJ_UtLEE5I,1,3.8,238,43.3556387,-80.2896614
Cambridge,ON,Capri Pizza,ChIJuwJ7VZJ3LIgRDgQ4hRyh4IQ,1,4.5,218,43.3562723,-80.2907148
Cambridge,ON,Chuck's Roadhouse Bar & Grill,ChIJWSLQ4SJ3LIgRDIV3HaqzMlM,1,3.7,878,43.3562978,-80.2910666
Cambridge,ON,Bento Sushi,ChIJD9fz_Tt3LIgRqZXEbqpXrf0,2,1,1,43.3569058,-80.2892944
Cambridge,ON,Swiss Chalet,ChIJ3YizdJJ3LIgR7xJloRkZ5Ys,2,3.5,540,43.356846,-80.29033
Percival,IA,Wendy's,ChIJU4mGj6BelIcRYP_vGjlrCog,1,3.8,473,40.6899483,-95.7888047
Percival,IA,Godfather's Pizza,ChIJ9XzTtc1elIcRs6-LAH6La-g,2,3.8,9,40.688634,-95.7920463
Percival,IA,Apple Barrel Restaurant,ChIJ722z-6BZlIcRqTTJn9WJY0A,2,4.2,545,40.6904059,-95.7901289
Percival,IA,Subway,ChIJgSZjNKBZlIcRJzCEAvPn4BQ,1,3.7,124,40.6902713,-95.7920421
Hamburg,IA,Whiskey Springs,ChIJuyvIlrj3lIcR1ygBSu0oOKs,0,4.6,90,40.6935272,-95.6955261
City,AR,Jolley's & the Backwoods Grill,ChIJcYBFAGKJMYYRNzwOeSOcAvM,0,5,1,33.0436344,-92.9297468
Springs,AR,Molly O'Brien's,ChIJU2ZDZ1AwzYcR7K2MGAiBXhY,2,4.3,277,34.6168594,-92.9052124
Village,AR,Xplore Lakeside Restaurant,ChIJoexh4yYxzYcRo32WNIOmJiM,0,4.1,134,34.624158,-92.8999457
Village,AR,Mulligan's,ChIJOar25Hw6zYcR1zpq8A7bxxo,2,4.6,112,34.6502173,-92.8948529
Village,AR,Casa Coronado Restaurant,ChIJh65AavcvzYcRzukYW6mWzuM,0,4.5,11,34.6437851,-92.9467393
Village,AR,Columbus Grill Isabella Golf,ChIJUdO6K7QwzYcRzDu7Z3DdWUw,0,4.5,6,34.6329809,-92.8624874
Lonsdale,AR,Subway,ChIJD2oQxzE3zYcRbQhsWMkmHq8,1,4,48,34.620461,-92.8576587
Lonsdale,AR,Tanners Neighborhood Bar & Grille,ChIJKf2DyjI3zYcREPNWWLVb2V0,2,4.5,303,34.6204452,-92.8576202
Village,AR,Shell,ChIJU5groYUwzYcRLIpTQsoL8fE,2,3.5,42,34.621971,-92.856778
Village,AR,Beehive Neighborhood Hangout,ChIJf6LK1lklzYcRsPrtkkaqtaE,2,4.4,192,34.6532428,-92.9480356
Village,AR,Granada grill,ChIJq1oxN80wzYcR89Q5COfhWsE,2,4.4,62,34.6496581,-92.8624223
Elko,NV,Lone Mountain Station,ChIJtWOsFFAjpoARz3tWIO_pRo8,2,4.7,78,41.1566476,-115.8425181
Jones,CA,Five Marys Burgerhouse,ChIJH3leOJs8zlQRe5vp0v5givA,2,4.6,265,41.6065556,-122.8424639
Jones,CA,"The Gifted Horse Lodge, Deli, & Wild West Gifts",ChIJMb2x0Jc8zlQR_rQWhynRC-k,0,4.6,93,41.6061693,-122.842058
Jones,CA,Victor's Méxican Food,ChIJxwB8S5s8zlQR5rvCM8LbbAE,0,4.2,58,41.6072635,-122.8420636
Lancaster,VA,Lancaster Tavern and Inn,ChIJkwrfsH2nsIkR1aM1x2Pf4WU,0,0,0,37.69651,-76.4986
Irvington,VA,Fish Hawk Oyster Bar,ChIJtcq7_74JuokR2rZ6QVe-VdM,0,4.2,14,37.6643693,-76.4328218
Irvington,VA,Chesapeake Restaurant & Terrace,ChIJw3BSuWgJuokRe-jZMVBzis8,0,5,2,37.6643693,-76.4328218
Wier,TX,Memaws Kountry Fixin's,ChIJUdCiuK_RO4YRPZyqu_O0i4w,0,4.9,43,30.7401905,-93.6394729
,,,,,,,,
Zurich,ON,Sunshine Chinese Family Restaurant,ChIJs5V4JuwxL4gRrthUU_7BaVQ,0,4.4,44,43.4010019,-81.7079152
,,,,,,,,
Zurich,ON,White Squirrel Golf Club and Restaurant,ChIJFzgMEBYsL4gRtp036CLB24o,0,4.5,148,43.4023106,-81.7065989
Lake,NB,Skiff Lake Canteen,ChIJawWxTKKrpUwRIEGnxwUuJQ0,0,4.9,8,45.8275851,-67.5480664
Malabar,FL,VenPaca Latin food,ChIJdaeT7d0T3ogR-Cb91yjV0Pk,0,4.5,68,28.0032836,-80.5633837
Malabar,FL,The Watermark Grille,ChIJNUG3zKET3ogRFu1heXGjkiw,0,4.8,69,28.0032836,-80.5633837
Malabar,FL,Malabar Mo's,ChIJH7MOYGsT3ogR5_C4sPqhu7w,1,4.4,987,28.00385,-80.564602
Malabar,FL,El Platanito FOOD TRUCK,ChIJgTh6HNQT3ogR-nQvDYO9968,0,5,1,28.0039196,-80.563961
Malabar,FL,Ven Pa Ca,ChIJ68M_lccT3ogR7ZzmAN9iTuE,0,5,1,28.0041949,-80.5648568
Malabar,FL,Espresso Self,ChIJqYFGIA0T3ogRmbn8ZvLbW0c,0,5,3,28.0041949,-80.5648568
Malabar,FL,Double E Grill,ChIJ9VmvHPMT3ogRgq9ckr6heGs,0,0,0,28.0044365,-80.5642774
Malabar,FL,Mofongo,ChIJSdDTaQ0T3ogRercKc5H3Kgo,0,4.9,22,28.0110378,-80.5676193
Malabar,FL,Mr K Food Store,ChIJOdh_eq0S3ogRi6gdvp4xyDQ,0,5,2,27.9812648,-80.6216713
Malabar,FL,Yellow Dog Cafe,ChIJ5y-FIg0T3ogRysCisKsg6lA,3,4.7,736,28.01228,-80.567237
Bay,FL,Vanish Auctions Online Auctions - Restaurant Equipment Liquidation,ChIJ1whHOLAS3ogRqX7gAnBoSiI,0,4.3,12,27.9882734,-80.6202467
Bay,FL,Rose Garden Caribbean Restaurant,ChIJfSogPOgT3ogRMOlq0su1KTY,0,5,4,27.9980705,-80.6145879
Bay,FL,Copper Chimney Grill And Bar,ChIJayKGJ2Ft3ogRDJ6DyktsN2w,2,4.2,503,27.953366,-80.627817
Valkaria,FL,Boathouse Pub,ChIJR4e9anFr3ogRu___lICVP9M,1,4.4,152,27.9342772,-80.529352
Valkaria,FL,The Old Fish House Bar and Grill,ChIJqf1ManFr3ogRHz7X2sblAQ0,2,4.3,911,27.9343132,-80.5280222
Bay,FL,The Shack Riverfront Restaurant and Out Back Tiki Bar,ChIJNTbvLwoT3ogRqd-O10abd7I,2,4,1056,28.0190731,-80.5703582
Bay,FL,Loreen's Village Cafe,ChIJL1RClDUT3ogRcKVSN2gM3-E,1,4.5,122,27.997845,-80.6228685
Beach,FL,Cafe Coconut Cove,ChIJ952QlJEU3ogR23KJxjS4ZSM,2,4.7,452,28.00564,-80.5299301
Valkaria,FL,Rib City at Grant Station,ChIJdaycLnRr3ogRnd7DBEHctBY,2,4.4,944,27.9291504,-80.5267978
Valkaria,FL,Big Dogs BBQ,ChIJi1qTOXRr3ogRUnD1W_LJz18,1,4.7,119,27.9297222,-80.5261111
Gap,TX,Perini Ranch Steakhouse,ChIJ4YxxYUb0VoYRVzT_Nne_U4o,3,4.7,876,32.2716534,-99.8440021
Loveland,CO,Jamoka Joe's,ChIJk83FcJpRaYcRja1w5I2Px30,0,4.8,206,40.4072652,-105.1414367
Loveland,CO,The Wapiti Colorado Pub,ChIJx1u5nJ1RaYcR3o6FtSuAxQY,2,4.3,263,40.3987649,-105.1420288
Loveland,CO,Windjammer Roadhouse Bar & Grill,ChIJWWqfugdaaYcRQEiS26trdi0,2,4.2,251,40.3572024,-105.2218805
Loveland,CO,"Fireside Cafe & Catering, Located inside of Group Publishing",ChIJZWaLfoZRaYcRlS_IMzdE8m4,0,4.4,54,40.4084401,-105.1323665
Loveland,CO,Berthoud Brewing Loveland,ChIJ63r9x39RaYcR10M4wO5VPGI,0,4.1,168,40.407814,-105.1296615
Loveland,CO,Dairy Delite,ChIJTxp7BCxSaYcRav58vfhn0wQ,1,4.7,986,40.4069541,-105.1193354
Stigler,OK,Ruben's Mexican Restaurant,ChIJz7hNfEOGtYcRCwxJT_tZPmc,1,4.2,141,35.2519444,-95.1166667
Stigler,OK,Sonic Drive-In,ChIJObHmB0OGtYcRhNRfsmYiHV4,1,3.8,312,35.2521909,-95.1190433
Stigler,OK,Casey's,ChIJq-K9UCGHtYcRR4mF1-D2FLo,1,4.4,18,35.2523396,-95.1185928
Stigler,OK,"Simple Simon's Pizza - Stigler, OK",ChIJ8xUgUUKGtYcRXBzSPemdb18,1,4.7,18,35.2525266,-95.1203003
Stigler,OK,Shellys Cafe,ChIJ3bjpXWmGtYcRRrhPXwdj75c,1,4.4,347,35.2527553,-95.1204909
Stigler,OK,Pizza Hut,ChIJD9kyqkOGtYcRAdCmpZGB_VI,1,3.5,200,35.2532399,-95.1204159
Stigler,OK,Spring Garden,ChIJi3UyZWmGtYcRka9MW6mS96E,1,4.3,211,35.2545036,-95.1256389
Stigler,OK,Miss M's Tea Room & Restaurant,ChIJ55Ixe2mGtYcR6cA2ZuN8ZFI,0,4.8,35,35.2547659,-95.1255325
Stigler,OK,McDonald's,ChIJw7Gc50SGtYcRnFJyXOk1BkM,1,3.7,358,35.2540828,-95.109529
Stigler,OK,Rebel's Diner,ChIJFXaKWkKGtYcRb8QJ2Ibiyo4,0,4.2,77,35.2546005,-95.1279983
Stigler,OK,WestEnd Bar And Grill,ChIJmXW6aZGHtYcRbuELGZ0HKfs,0,4.3,28,35.2556807,-95.1333698
Stigler,OK,Subway,ChIJv5af50SGtYcRYBpP8PnhuL4,1,3.4,28,35.2566432,-95.1074908
Stigler,OK,Rosita's Mexican Restaurant,ChIJd1sdWZmHtYcRSYDz-yhwh_A,0,4.5,26,35.2559348,-95.135373
Stigler,OK,Charlie’s Chicken,ChIJmUnbPQyHtYcRxx15K0Jbh9I,0,3.6,39,35.2600861,-95.1002547
Stigler,OK,La Paloma Mexican Grill,ChIJrzu1e5OHtYcR2aZYQz0PdSM,1,4.6,218,35.2601056,-95.0750006
Reserve,NM,Ella's Cafe,ChIJ5ydZowEBJ4cRrHJt1vfcOhs,0,4.3,98,33.711989,-108.7579507
Reserve,NM,Adobe Does BBQ,ChIJ7SH-cgABJ4cR6l7plDDsAyw,2,4.4,42,33.711959,-108.7583875
Reserve,NM,Carmen's,ChIJ5ydZowEBJ4cRBGZchad6wTw,0,4.2,61,33.7138189,-108.7578306
Arlington,MA,My Brother's Place,ChIJ55OtjPh244kRscI8iPHpRfM,2,3.9,57,42.411627,-71.14334
Medford,MA,Joe Pizza,ChIJzRs0UPR244kRlUtHwVZUsLo,2,4.2,148,42.4205372,-71.1413538
Arlington,MA,Dunkin',ChIJmS2vXfl244kRUB1XzkiVjHw,1,4.1,164,42.4099812,-71.1393626
Arlington,MA,Dunkin',ChIJ22mv-1Z244kRhTf42q9rKhs,1,4.1,149,42.4122774,-71.1485982
Arlington,MA,Fusion Taste Arlington,ChIJrRSlSVd244kRT6P72xNcjcs,2,4,182,42.4144808,-71.1502586
Arlington,MA,Brickstone Cafe,ChIJgyAESld244kRB2GRkqMh4JA,1,4.3,103,42.4145266,-71.150356
Arlington,MA,Sabzi Restaurant,ChIJEYD-kVZ244kRRXmKTb8IvU0,2,4.3,273,42.4113276,-71.1485366
Arlington,MA,Twyrl Pasta Bistro,ChIJt-9kSld244kRJJdlz7QTICw,2,4.6,211,42.4146251,-71.1504828
Arlington,MA,Menotomy,ChIJI2ofTgt344kRa8J23K6-yvU,0,5,1,42.4149119,-71.1506568
Arlington,MA,WooRi Korean Fusion Grill,ChIJlYieslB244kRkAGjcYArJBg,2,4.5,227,42.4149401,-71.1506764
Arlington,MA,Lucky Dragon Chinese Restaurant,ChIJoe90rVB244kRBeMaDmZF1o4,0,4,41,42.4151114,-71.1509407
Arlington,MA,La Victoria Taqueria,ChIJJ8xirVB244kRRvtF0kgbPuE,1,4.7,665,42.4150978,-71.1509799
Arlington,MA,Starbucks,ChIJ9YGBs1B244kRsESgjoHFHWQ,2,4.3,231,42.414731,-71.150948
Arlington,MA,bp,ChIJGRM9wlV244kRpMs3ymT_0AY,0,3.3,84,42.4093732,-71.1464699
Arlington,MA,Taipei-Tokyo,ChIJjeWVyhZ344kRjNEoEwl919A,0,4.5,10,42.4143256,-71.1511352
Arlington,MA,Rangla Punjab Indian Cuisine,ChIJhaqTYwV344kREFbtMvDcoEM,2,4.1,151,42.4144317,-71.1513535
Arlington,MA,Indo Yums Arlington,ChIJZ1GHuPZ344kRYi8WlEWq1S8,0,0,0,42.4144093,-71.1513732
Arlington,MA,Boyles Market - Subs & Deli,ChIJoTO29ft244kRuKQARiGc960,1,3.6,38,42.408653,-71.13774
Arlington,MA,Acitron Cocina Mexicana,ChIJ6yZ3u1B244kRJqNMZVlJVxg,2,4.5,484,42.415175,-71.151799
Arlington,MA,Noodle Market,ChIJm5gdv1B244kR6eOaFUmr7Ts,2,4.2,169,42.4148288,-71.1519838
Jennings,LA,Shell,ChIJW3J4_BZaO4YRAubwO-xMx3E,2,3.2,17,30.2400594,-92.6350186
Jennings,LA,Verona Italian Restaurant,ChIJo_mhDQxZO4YRcNEXwXggtr0,0,5,1,30.223334,-92.6569718
Jennings,LA,Tuscany’s Italian Resturant,ChIJZ1o5YclZO4YRJg5G6q1d4Qg,0,4.6,27,30.223334,-92.6569718
Jennings,LA,Catering By Andrea Inc,ChIJ5cp-MoBZO4YRxuOPIC36KHs,0,4.3,21,30.2214116,-92.6586604
Jennings,LA,Alexis Diner and Krispy Krunchy Chicken,ChIJF_iHMndZO4YRpPyoVYSztdc,0,4.2,38,30.2110654,-92.664173
Jennings,LA,HoBo's Deli & Convenience Store,ChIJKSktE9NbO4YRHFqFetMrRcU,0,4.4,7,30.2317759,-92.6557053
Jennings,LA,Rocket Drive In,ChIJOUQumyxaO4YRQ9RpCjR-EyE,1,4.6,547,30.2314291,-92.6565259
Jennings,LA,Sno-B's Express,ChIJNVW459FbO4YRVr_b11ITzGY,0,5,1,30.2343989,-92.6538353
Jennings,LA,Soul Food Express,ChIJ4xXCa35ZO4YRFZJlp4QqN2k,0,4.5,4,30.2226079,-92.6625931
Jennings,LA,Ron's Seafood,ChIJnyE-g35ZO4YRy_IiNHQ0PVg,0,0,0,30.2208155,-92.6633878
Jennings,LA,Cono loco,ChIJ3a1zffJZO4YR-bPzjYVWeAU,0,5,1,30.2217772,-92.6633902
Jennings,LA,Darrell's of Jennings,ChIJiVyYANRbO4YRjM1C5RGpfnI,2,4.6,511,30.2298432,-92.6630634
Jennings,LA,Mike's Seafood Restaurant & Steakhouse,ChIJ8fhvH9RbO4YRx2Mj4ya0-pk,2,4,199,30.2292493,-92.6640253
Jennings,LA,Boudin King Restaurant,ChIJUZ6U0HxZO4YRfdjghwH9Z_c,2,4.2,533,30.2207963,-92.6680798
Jennings,LA,Domino's Pizza,ChIJTXOw2dNbO4YRxY-1yx2k5qA,1,4.5,151,30.2317475,-92.663683
Mermentau,LA,C'est Bon,ChIJGy8l3v1WO4YREcxJkszVDOQ,2,4.8,410,30.185894,-92.577972
Jennings,LA,General Wok,ChIJVZAjJtJbO4YRmzPkxRJ6AFQ,1,4.5,214,30.2336556,-92.6631429
Jennings,LA,Mr Gatti's Pizza,ChIJJV8-JtJbO4YRPV-AUz6Unr0,1,4.2,323,30.2350129,-92.6629304
Jennings,LA,La Rumba Mexican Restaurant,ChIJsaaxA9JbO4YRda7qp74SQ9Y,2,4.2,562,30.2355171,-92.6637753
Jennings,LA,Subway,ChIJDb_K3tNbO4YRi-14NpUeN_g,1,4,115,30.2357352,-92.6637654
Bracey,VA,Shady Shack Grill and Flip Flops Bar,ChIJweNzQ5_7rYkRD-IWVI751QA,2,4.3,225,36.569881,-78.040973
Bracey,VA,Top It Pizza,ChIJhRy89uXxrYkRx7FCE9kob88,0,4.9,14,36.5957056,-78.1407329
Bracey,VA,Papa John's Pizza,ChIJpRSDO9_wrYkRA4UnZF96_jM,1,2.7,21,36.5976368,-78.1472746
Bracey,VA,Subway,ChIJo-vKg_DzrYkRw6V3eawqxZU,1,4.1,40,36.5976265,-78.147404
Bracey,VA,7-Eleven,ChIJLfmG6qfxrYkRZvJOgDwHS2o,0,0,0,36.597821,-78.1473573
Bracey,VA,Simmons Travel Center,ChIJo-vKg_DzrYkRjfornUvhBBo,0,4.3,476,36.5996739,-78.151028
Bracey,VA,Dunkin',ChIJmypXcd7wrYkRDdvtQ4b9XiY,1,3.9,122,36.5997467,-78.1511284
Bracey,VA,Huddle House,ChIJq6qqqvrwrYkRGr6YernkpQE,1,4.1,494,36.599993,-78.1515455
Junta,CO,Subway,ChIJ6-oTPE0GEocRgO_OFFFRPy0,1,3.6,36,37.998163,-103.5930694
Junta,CO,Wendy's,ChIJrTAe_Yf4DYcRZYRXyff35EI,1,3.8,483,38.0005759,-103.5933344
Junta,CO,Village Inn,ChIJxZ_Ph30HEocRuADBvEueZkI,1,4.2,735,38.0002778,-103.5927778
Junta,CO,Little Caesars Pizza,ChIJu9soEU0GEocRdZPkHZ3SLp4,1,4,82,37.999027,-103.59099
Junta,CO,Creekside Smokehouse,ChIJtSgQIiAHEocRi4rmRzCiap4,0,3.5,2,37.9988471,-103.5889561
Brydges,ON,Kahuna's Kones,ChIJp3Tu3AwBL4gRwWyS0u6Z8pI,0,4.7,23,42.9210795,-81.5672952
Strathroy,ON,Caradoc Sands,ChIJCQbs2wYEL4gRjkXxc4mZhGc,2,4.4,276,42.944928,-81.5985904
Strathroy,ON,Hometown Pizza,ChIJu76om3QHL4gRgsd-PP-nTeg,0,4.4,30,42.9435348,-81.6073303
Ilderton,ON,The Hearty Herbivore Food Truck,ChIJB4X3CY39LogRa64rELM6cEw,0,5,1,42.9889918,-81.4964593
Strathroy,ON,King of the Pigs,ChIJreDBrAMEL4gRQF9wv8ONx80,2,4.5,181,42.9470772,-81.6113401
Strathroy,ON,Domino's Pizza,ChIJL3tV4gIEL4gRWKHIvDHbnBo,1,3.9,101,42.9474804,-81.6115819
Strathroy,ON,Tim Hortons,ChIJrwG64QIEL4gRgBF7vXF9jac,1,3.6,270,42.9473781,-81.612491
Strathroy,ON,Little Caesars Pizza,ChIJG9SCJQMEL4gRml4N869lxwQ,1,4.1,54,42.9464096,-81.6127156
Brydges,ON,Andy's Legendary Pizza,ChIJebY-BUP_LogRNL8oOiNzUrI,0,4.1,57,42.9101904,-81.4959006
Strathroy,ON,Pizza Hut,ChIJf4zGx-YFL4gRaydD8XKVar0,2,3.3,34,42.9481934,-81.6136768
Strathroy,ON,Crabby Joe's Bar • Grill,ChIJY7DfyhwEL4gRuh07fZsvwqU,2,3.8,422,42.9494937,-81.6141158
Strathroy,ON,Harvey's,ChIJ8_UptRwEL4gRnG6zgbg8ARw,1,4.2,165,42.9487004,-81.6141613
Strathroy,ON,Swiss Chalet,ChIJ4T65NAMEL4gRzcG_jffBZlQ,2,3.8,118,42.9486479,-81.6142109
Strathroy,ON,Shelby's,ChIJyzrnU-0FL4gRCONgBltbnaA,0,0,0,42.9496155,-81.614254
Brydges,ON,Mount Brydges Lotus Thai Restaurant,ChIJy9QrWDj-LogRABo4079wAy4,2,4.6,98,42.909352,-81.4957347
Strathroy,ON,Simply House,ChIJF51KVQMEL4gRIqUzsDSD2GA,0,4.2,64,42.949803,-81.6145098
Strathroy,ON,Subway,ChIJUwaCuhwEL4gRGh3jqnrvTyE,1,4.3,97,42.9498079,-81.614562
Brydges,ON,Village Pizza,ChIJJ77tXjj-LogRtW7GaF3rxbQ,1,4.1,211,42.9092,-81.495465
Strathroy,ON,Parker's BBQ & Prime Rib Grill,ChIJaUk0NjQFL4gR77XguYOPJlI,0,4.2,54,42.9495176,-81.6151645
Strathroy,ON,Popeyes Louisiana Kitchen,ChIJnwBGbx4FL4gRlQjKMqHyllU,1,3.9,125,42.9493113,-81.6154508
Pikeville,TN,Park Road Shack,ChIJkXOZ9DPJYIgRdM_D6xoYe3Y,0,4.8,23,35.6866006,-85.3324173
Pikeville,TN,Northgate Arcade and Restaurant,ChIJ-VT1IOfIYIgRDDhXA-8cHsU,1,4.4,74,35.6873244,-85.3319396
Pikeville,TN,Snackbar Grill,ChIJiWJWc1PPYIgRsYCnbzorZdE,0,4.4,112,35.658119,-85.3574373
Pikeville,TN,3 Way Market,ChIJ6drmB86wYIgRbiJehUfXVFM,0,4.4,16,35.6701838,-85.2405669
Walla,WA,Tommy's Dutch Lunch,ChIJy-5iF2pqolQRzbdoctjPat4,1,4.6,349,46.0684796,-118.3610816
Walla,WA,Rivers Edger,ChIJI_rdrWpqolQRLNkAQ8hZMjk,0,5,2,46.0680997,-118.3670363
Walla,WA,wine valley golf,ChIJHzbrSXxrolQR4xxujrAOwo0,0,0,0,46.0696988,-118.349779
Walla,WA,Jimmy John's,ChIJhbxoiW9qolQRRnCZLiLWgQ0,1,4.3,164,46.0647543,-118.3478391
Walla,WA,Pizza Hut,ChIJrTIgGhBqolQRbMSUq3yHnQg,1,3.9,291,46.0650167,-118.3470369
Walla,WA,Taco Bell,ChIJ5T9EwG9qolQRn9JU16Jg8ZI,1,3.6,674,46.0638055,-118.3486901
Walla,WA,Tacos Monarca,ChIJr0lKEW5qolQRXB0dibQ2xxc,1,4.7,130,46.0624275,-118.3510513
Walla,WA,A&W Restaurant,ChIJJ3CejG9qolQRCdqbsDgvNhY,1,3.7,78,46.0642983,-118.3475911
Walla,WA,KFC,ChIJXTT1jG9qolQRq_3jSTFoHn4,1,3.6,321,46.0642936,-118.34759
Walla,WA,Walla Walla Steak Company,ChIJAQCkEmFqolQRP5k-_gBe1d4,0,4.4,261,46.0708154,-118.3424521
Walla,WA,El Sombrero Mexican Restaurant,ChIJ2WFTXWFqolQRzl7djY_L9L0,2,4.4,1064,46.0700836,-118.3425064
Walla,WA,Crossbuck Brewing,ChIJAZaEbWFqolQRM7Sd1KlOZFg,2,4.4,336,46.0706298,-118.342274
Walla,WA,Fast Eddy's,ChIJ-3eZ8W9qolQRAK2ptC3JVag,2,4.4,562,46.0637895,-118.3475288
Walla,WA,Circle K,ChIJf4yTX2FqolQRGKOe3Vj4jMM,1,3.5,16,46.069566,-118.342285
Walla,WA,Saffron Mediterranean Kitchen,ChIJV3QzsmRqolQRFpwK7Y3wHCw,3,4.5,401,46.0649038,-118.3444691
Walla,WA,The Marc Restaurant,ChIJL6KKj2NqolQRyb1zWlKzJWw,0,4.3,122,46.0681381,-118.3407534
Walla,WA,Passatempo Taverna,ChIJ6Q1-w2RqolQRLwqCgOZOFnE,3,4.4,349,46.0652444,-118.3425217
Walla,WA,Mcgibboney LLC,ChIJGUhoUt5rolQRhEozzhW5Y_k,0,0,0,46.0680805,-118.3399299
Walla,WA,Tiki Teriyaki Grill,ChIJdaECuBFqolQR3dC5WFOJ0ng,2,4.4,385,46.0582861,-118.3695306
Walla,WA,Granny's Tamales,ChIJQwa2R21qolQRfGieyJkAC2M,0,3.7,18,46.0582652,-118.3696732
Abingdon,IL,Carolyn & Co Cafe & Bakery,ChIJl9LLu2-64YcRPK6GxXENsQ8,2,4.6,106,40.8089922,-90.4017684
Abingdon,IL,Subway,ChIJYYQrOnC64YcRJF2VFHkqCQI,1,4.2,53,40.8060548,-90.4012379
Abingdon,IL,Cool Beans Coffee Lounge & The Scoop Ice Cream Parlor,ChIJxyxDkYu74YcRNSEFLdwVJUk,0,4.9,13,40.8058856,-90.4013368
Abingdon,IL,La Roma Pizza,ChIJyfH7VHG64YcR_s__mt9gRas,1,4.7,195,40.8012386,-90.3987235
Abingdon,IL,Alley Oops Diner,ChIJRfNe7Xe64YcRuSTvxzvaSC4,0,5,2,40.7974135,-90.4024915
Abingdon,IL,Abbe Lanes Restaurant,ChIJv2ebwne64YcRKURoQeCSx3o,1,4.5,109,40.7973225,-90.4026523
Abingdon,IL,Town & County Family Restaurant,ChIJ5WomloKw4YcRC1ZUoOdj8y4,1,4.5,91,40.7969124,-90.4024199
Russellville,AR,Phub headquarters,ChIJAaYFQyBRzIcRJzUzIuJLOVM,0,0,0,35.3477023,-93.2056473
Dover,AR,Christina's Little Red Food Truck,ChIJsbF_ElVVzIcR4Z3zTHO2i18,0,0,0,35.4032267,-93.1215474
Lakes,MN,Charlie's Place,ChIJCUOD8RYlyFIRF9ejQU7B8uk,1,4.3,110,46.8669731,-95.5871695
Rochert,MN,Curley's On Cotton Lake,ChIJsRP81DY6yFIRXrSMS9iD8Lk,2,4.6,208,46.8715591,-95.6775665
Lake,CA,Geronimo's Outpost,ChIJm7Qe9-e0xIARO6PMoFNSqP8,0,5,2,34.2260866,-116.8597805
Lake,CA,Outlaw Bar & Grill,ChIJr-8BZYG1xIARjFrMOV_Ughk,0,0,0,34.2276385,-116.8601862
Lake,CA,BBQ in the Park,ChIJgxNg6kK1xIARpcg11srcvPE,0,5,1,34.2275783,-116.8606132
Lake,CA,Laybacks Bar,ChIJbcTNEe60xIARm-kjLYCMznc,0,4.6,10,34.227581,-116.860796
Lake,CA,Goldmine Cheesesteak Co.,ChIJz4b0a9-1xIARQic7owvVf24,0,0,0,34.2275783,-116.8609874
Lake,CA,Boneyards,ChIJJR1YBe60xIAR6TF0QnUF804,0,4.8,9,34.2276626,-116.860727
Bear,CA,Big Bear Burger Co.,ChIJMTKzvWu1xIARU66Nw-X3hec,0,4,1,34.2276728,-116.860772
Lake,CA,Flat Bottom Dough,ChIJwUiZKNq1xIARS0UYlpzAJEo,0,0,0,34.2279184,-116.8591068
Lake,CA,Methods Sports Bar,ChIJ4e4SEO60xIAR-jsoxOl68gw,0,4.5,2,34.227719,-116.860765
Bear,CA,Clubhouse Grill,ChIJsZZvGe60xIARybfaUhxQPD0,0,0,0,34.227743,-116.861303
Lake,CA,"Shred, Shaken & Stirred",ChIJf62W6di1xIAR9b7PKyUBTa8,0,0,0,34.2280484,-116.8604308
Klamath,CA,Steelhead Lodge,ChIJnzpFbGNU0FQRG1-voVnh3YM,0,4.6,107,41.510437,-123.9897842
Klamath,CA,Log Cabin Diner,ChIJbzVG-iRU0FQRDwclspza8_A,0,4.5,164,41.5222173,-124.032711
Klamath,CA,The Smokin' Grill,ChIJ__zaEL9V0FQRlO7S8hn8iyI,0,0,0,41.5207182,-124.0364851
Klamath,CA,Crivelli's Bar,ChIJD0_EtXZU0FQRulF1PXf9Uus,0,3.8,22,41.5189558,-123.990765
Klamath,CA,Abalone Bar and Grill,ChIJ52jP2p1W0FQRLUAopE050DE,0,3.8,35,41.5294565,-124.0393028
Klamath,CA,Redwood Hotel and Casino,ChIJ26aM551W0FQRPYTjCj_fZgo,0,3.9,218,41.5298583,-124.0395306
Klamath,CA,Rods N Reels Burgers,ChIJVVXlfZ5W0FQRf97uaThnNVk,0,5,1,41.5306034,-124.0392725
Klamath,CA,Country Club,ChIJU-PtfZ5W0FQRfimymtaB_nU,1,4.4,59,41.5307125,-124.0392363
Klamath,CA,Chester's Chicken ~ Pem-Mey Express,ChIJl4ZHIJxW0FQRdxxGSxQgqK8,0,4,8,41.5310847,-124.0406708
Klamath,CA,The Historic Requa Inn,ChIJ6ZWNEO9W0FQRb5C_wxEGIMs,2,4.7,143,41.547134,-124.0647386
Ludlow,CA,Dairy Queen,ChIJD5CqT1wWxYAR-1ttxWNPCks,1,3.7,495,34.7270167,-116.162664
Ludlow,CA,Ludlow Cafe,ChIJ09dCC1kWxYAR0fuiqO-SZsY,1,4,682,34.72346,-116.16339
Driscoll,ND,TNT Tavern,ChIJx8f6Nqla11IRw0IBebyg6mc,1,4.8,51,46.8441986,-100.1412472
Rison,AR,Pizza Pro of Rison,ChIJTWACIYdtLYYR8iZmx40ajYg,1,4.6,60,33.9580799,-92.1902808
Rison,AR,BAMs,ChIJ_6hW7ZhtLYYRjsBOF1pemKM,0,0,0,33.9584347,-92.1901454
Rison,AR,Sandwich Shop,ChIJdfrMvIdtLYYR80-aUtmxkbk,1,3.5,6,33.9578313,-92.1907992
Rison,AR,Main Street Cafe,ChIJtTR1W4dtLYYRiOvUkP-tEnQ,0,4.4,45,33.9596443,-92.1907947
Rison,AR,Anytime Smoothie,ChIJS5CPeKZtLYYRffO-j4gIoJM,0,4.6,10,33.9594058,-92.1924773
Rison,AR,El Girasol Mexican Restautant,ChIJl19yhN1tLYYRcxoW-cvx_K4,0,0,0,33.9607742,-92.1918405
Rison,AR,Marcela's Mexican Restaurant,ChIJh4EZiIZtLYYRAecNN9Wxydc,0,4.6,63,33.9607742,-92.1918405
Liberty,MO,The Fish Market,ChIJ7wa2x9X_wIcROK-_wE11eQs,2,4.5,1004,39.200241,-94.3997259
Valley,MO,Valley One Pub & Grill,ChIJ6SKGNkr_wIcRC2d89DKegW0,1,4.3,194,39.216644,-94.4728887
Valley,MO,Thunderbird K.S.C. Tavern,ChIJHfCVNcn_wIcRcFW3DkBihUE,0,4.2,98,39.2075165,-94.4810108
City,MO,Subway,ChIJ5W3JX3f5wIcRfZ2lda1lZpM,1,3,2,39.171382,-94.482964
City,MO,Subway,ChIJ____T0r5wIcRKoXdyGBnClk,1,3.5,10,39.1713761,-94.4829603
Valley,MO,QuikTrip,ChIJTyTXU0r_wIcRPbly4nQGgas,1,4.2,61,39.2170172,-94.4766203
City,MO,Auntie Anne's,ChIJqa9JT3T5wIcRqNGxaezO-mQ,1,3.7,3,39.1733881,-94.4855607
City,MO,G'rilla Grill,ChIJwRlXbjb5wIcRupMMarRyS7Y,0,4,3,39.1739718,-94.4859171
City,MO,Auntie Anne's,ChIJiSHMBTf5wIcRx4cMq3qBo1A,1,4.3,88,39.1753065,-94.4868335
City,MO,Panda Express,ChIJgbYWA0n5wIcR36E8DTbKY_E,1,3.6,526,39.1753065,-94.4868335
City,MO,Just Pizza,ChIJOVkZn9r5wIcRoPTLQZOyjnE,0,0,0,39.1752928,-94.4868514
City,MO,Paisano's Pizza,ChIJqeZeQTb5wIcRXVhZyCq8FSY,0,3.9,8,39.1738018,-94.4866695
City,MO,Coasters Midway Grill Worlds Of Fun,ChIJvYec5En5wIcRAFStaOqkQ3U,0,3.5,91,39.1720636,-94.4857624
City,MO,Pagoda,ChIJu6aVpjz5wIcRiLNEWGWUfmc,0,0,0,39.175178,-94.4877484
City,MO,Panda Express,ChIJuZ-9YNv5wIcRGxTTM24Rys0,0,0,0,39.1750795,-94.4881524
City,MO,Caribou Coffee,ChIJyawGizb5wIcRL3XXKo_kA2Q,2,3.6,106,39.1739655,-94.488261
City,MO,Cotton Blossom BBQ,ChIJ04V1Be35wIcRRlgf7JJz1_M,0,0,0,39.1743197,-94.4886017
City,MO,Gold Rush Pizza,ChIJ-xiBsbH5wIcR0qyc8MzWCb8,0,5,2,39.1737125,-94.4882933
City,MO,Subway,ChIJieN_CHf5wIcRJXFfsd8qroc,0,0,0,39.1738398,-94.48872
Randolph,MO,Dunkin',ChIJi_2TRZb_wIcR7IMZTnLfrQE,1,4.1,90,39.1563581,-94.4763981
,,,,,,,,
Luskville,QC,ÉRABLIÈRE RIVERAINE,ChIJBRNGNFPu0UwREBz5r0PrFkA,0,3.1,8,45.536478,-76.056627
Luskville,QC,Sucrerie Alary,ChIJzQYRCfbu0UwRXv1G9pkpLl0,0,5,2,45.5461736,-76.0630048
,,,,,,,,
Luskville,QC,Café Resto Karim,ChIJ2cIANprt0UwRieodQHUtDLI,0,4.8,4,45.5519174,-76.0979132
Luskville,QC,Au coin du cammioneur,ChIJ1_Y2wjDt0UwRLCL2EA70eJo,0,4.5,8,45.5520207,-76.0980218
Luskville,QC,Chez Jack Restaurant,ChIJ270_LyDt0UwRfPC4StRsWaQ,0,4.2,5,45.5517977,-76.0997249
,,,,,,,,
Luskville,QC,Casse croûte Rocky,ChIJka80smDv0UwRdhbnqBvKzpI,0,4.3,17,45.5388195,-76.0203773
,,,,,,,,
Piketon,OH,Tom's Restaurant,ChIJUWF7wwrjRogRFr5ToirPBcY,0,4.2,5,39.057157,-83.1196796
Piketon,OH,Giovanni's Pizzeria,ChIJCcz1ISLkRogRY6HtwoyCo24,1,3.6,8,39.0154131,-83.1588388
Hodgdon,ME,Anderson's Mill Pond Dairy Bar (Open),ChIJcfjrDVXdpEwR109zM3hnM_M,1,4.6,131,46.0535536,-67.8694837
Susanville,CA,Lassen Ale Works Boardroom,ChIJo5zAouG9nYARlZzdRDRX3-k,2,4.6,250,40.4021268,-120.6222519
Susanville,CA,Whitehouse,ChIJHbW1ePC9nYARWnhDX2iVkhg,2,4.4,149,40.407555,-120.631708
Susanville,CA,KFC,ChIJq5Z4APC9nYARI5wDFDOQgYo,1,3.5,298,40.4058317,-120.6315322
Susanville,CA,Pizza Factory,ChIJb4E4WPC9nYARwQlkrPeU15Q,2,4.1,320,40.4064644,-120.6324765
Susanville,CA,McDonald's,ChIJGwDklPa9nYARlfdKa7kCd5o,1,3.5,1048,40.4052543,-120.6330474
Susanville,CA,Taco Bell,ChIJKxhjlPa9nYAR1swa134kBCo,1,3.4,455,40.4057278,-120.6333621
Susanville,CA,Starbucks,ChIJP-CnM_C9nYARsySNPGGwzNI,2,4.1,207,40.405679,-120.634131
Susanville,CA,Subway,ChIJp7NV2fa9nYARmlO3nHPdyqs,1,3.6,39,40.4057132,-120.634242
Susanville,CA,Jack in the Box,ChIJb8IwLvG9nYAR-467EQuR-gU,1,3.4,567,40.408807,-120.6349656
Susanville,CA,Lumberjack's,ChIJUXQRkva9nYARmxQZNw0z2KE,2,3.9,749,40.410717,-120.6360674
Susanville,CA,Subway,ChIJ7Zlwq_a9nYAR1baLB_93IjM,1,3.4,16,40.4091663,-120.6368328
Susanville,CA,Round Table Pizza,ChIJTVEhivW9nYARHmFwqXyiIwc,2,3.7,205,40.4121282,-120.6379987
Susanville,CA,Kopper Kettle Cafe,ChIJs23pMR6WnYARGmZOTrGAOBk,2,4,260,40.4130862,-120.6388663
Susanville,CA,Panda Express,ChIJwduJjvW9nYARjC5HKoQQoK0,1,3.7,380,40.4122437,-120.6390875
Susanville,CA,Courthouse Café,ChIJNf7y5fO9nYARHBR9gI8IU-4,1,4.6,529,40.4135691,-120.6400177
Susanville,CA,Stonehouse,ChIJ8yUegx-WnYAR0-QWK8gRxwk,2,4.5,141,40.4137493,-120.6423454
Susanville,CA,Micks Big Bite Cafe,ChIJl_5TwyGWnYARN-5jA4YNJQo,0,4.2,281,40.4145598,-120.6437367
Susanville,CA,Happy Garden,ChIJDShXniGWnYARi1CBv7_rHpM,2,4.7,593,40.4144301,-120.6456348
Susanville,CA,Little Caesars Pizza,ChIJg9F53yOWnYARnYGIwWxK4Og,1,3.4,148,40.4146555,-120.647079
Susanville,CA,Frosty Mill,ChIJTR7v5DyWnYAR8YcFp-egiyI,1,4.2,520,40.4215474,-120.646191
Fairmont,WV,Kumo Japan,ChIJnTV0JDB7SogRCo54QBmty2M,0,4.6,12,39.4230666,-80.1885091
Jordan,WV,docktotableprovisionco,ChIJ1z6aLKJ8SogRirgqD2eZG3Y,0,5,1,39.4195652,-80.1815214
Fairmont,WV,Subway,ChIJmW1E42B7SogRyHEAaWu1B3c,1,0,0,39.4247777,-80.1908358
Hall,WV,McDonald's,ChIJv8zQ57x8SogRaew_FTep874,1,3.4,736,39.4243385,-80.1878679
Fairmont,WV,Dutchman's Daughter Restaurant,ChIJjQB2VJ18SogREm--JWzrcZY,1,4.7,482,39.4240855,-80.186445
Hall,WV,Mi Pueblo Mexican Restaurant,ChIJaZJmlp18SogRVahx4RJmeaA,1,4.5,738,39.4262193,-80.1889874
Fairmont,WV,Hometown Hotdogs,ChIJV_GAYF17SogRbTluoEs01F0,1,4.5,215,39.4282226,-80.1897278
Hall,WV,El Rey Mexican Restaurant,ChIJdYrTB2J7SogRVPntov7OQh4,1,4.5,353,39.4275741,-80.1864242
Fairmont,WV,Hardee's,ChIJjQB2VJ18SogRfEddpXqPlQw,1,3.8,289,39.4282127,-80.1880359
Hall,WV,Rita's Italian Ice & Frozen Custard,ChIJI3XeBuxkNYgR9egfjnIJ468,1,4.3,36,39.4284206,-80.186226
Hall,WV,Munchies,ChIJUaKtwah9SogRtZtL4HuEpIE,0,5,1,39.4284486,-80.1861801
Fairmont,WV,Subway,ChIJaZJmlp18SogRCyAy6BuTXog,1,4.3,75,39.428579,-80.1864428
Fairmont,WV,Dairy Queen Grill & Chill,ChIJyWA836F8SogRRfwQYg_uEak,1,2.9,176,39.4295342,-80.1877341
Hall,WV,Little Caesars Pizza,ChIJWybRCWR8SogRclbxa32dmYI,1,3.3,75,39.42955,-80.18778
Fairmont,WV,Colasessano's Pizza,ChIJW0_ODGJ-SogRgNo9ngBB0mQ,2,4.3,469,39.4285629,-80.1833653
Fairmont,WV,Bob Evans,ChIJg82icGB7SogRyQVn8dsqTzc,2,4,309,39.4300305,-80.1870399
Hall,WV,Firehouse Subs Fairmont Plaza,ChIJ8Wri-mF7SogRyAEbsKQE6zQ,1,4.2,205,39.43043,-80.18653
Fairmont,WV,Kendra's Hot Spot and Grill,ChIJFxtCkqx9SogR7LSI2VuDegw,0,4.7,10,39.4071955,-80.1684105
Fairmont,WV,Taco Bell,ChIJz6Lyap18SogRHkAeyuCBw2M,1,3.7,695,39.431341,-80.186245
Hall,WV,Arby's,ChIJWTsgPJ18SogRo5f819rGers,1,3.9,414,39.4315927,-80.1857345
Peshastin,WA,Taco Truck,ChIJ36M2n9tNmlQR-O7dFphGJiw,0,4.5,33,47.5672111,-120.6058502
Peshastin,WA,Big Y Cafe,ChIJUXlYl2FMmlQRRbpT0HNwVLU,2,4.6,486,47.5540943,-120.5829355
Peshastin,WA,Old Mill Tavern,ChIJTfPp0qpNmlQRq0vb3Ca5ue8,1,4.6,88,47.573729,-120.6060863
Dryden,WA,Take A Break Cafe,ChIJPYOehH9LmlQRlLmQh3QggI0,1,4.7,223,47.5406734,-120.5623555
Leavenworth,WA,Kingfisher Restaurant & Wine Bar,ChIJLUZuZIpOmlQR3cdG6D15P98,3,4,53,47.5503937,-120.6805189
Leavenworth,WA,Sleeping Lady Mountain Resort,ChIJLUZuZIpOmlQRlOcGZuXwszI,0,0,0,47.5530831,-120.6806428
Leavenworth,WA,O'Grady's Pantry & Mercantile at Sleeping Lady,ChIJLUZuZIpOmlQRmTI4yPcNth4,0,4.3,106,47.5533078,-120.6805645
Leavenworth,WA,The T-Pot Experience,ChIJiU_mZF1NmlQRJoEeQyxCc-0,0,0,0,47.5792926,-120.6589442
Leavenworth,WA,Wild Huckleberry Restaurant,ChIJh4KMnvpNmlQRkjqGDHdqAIM,2,4.3,156,47.5792803,-120.6709572
Leavenworth,WA,Junction Sports and Snack Bar,ChIJiT6nevBNmlQRnwLSB-Sq0Yc,0,4,2,47.588387,-120.6735519
Leavenworth,WA,J J Hills Fresh Grill Restaurant in Leavenworth,ChIJN4r5YPBNmlQRd5h51yQhy-I,2,4,163,47.589059,-120.672959
Leavenworth,WA,Icicle Village Resort,ChIJ_XX7V_BNmlQRUIPObuHnsXg,0,4.5,1440,47.5891235,-120.6728872
Leavenworth,WA,Local Yokel,ChIJf2wmiIxNmlQRmcEVfw_h6lY,0,4.6,23,47.5949703,-120.6599441
Leavenworth,WA,Heidleburger Drive In,ChIJVWYGi_BNmlQRcEVyDvco-68,1,4.4,675,47.58958,-120.673569
Leavenworth,WA,Ducks and Drakes,ChIJG9HdVPNNmlQRF_Qbbv7FNWw,1,4.1,379,47.5943714,-120.6620104
Leavenworth,WA,Watershed Cafe,ChIJ-fiSvIxNmlQRxek0rOdmKxc,3,4.6,304,47.5944443,-120.6618341
Leavenworth,WA,Rudloof's Pizza Und Brats,ChIJLznOk_NNmlQRe5ReFwUPNd8,2,4.3,883,47.592195,-120.668112
Leavenworth,WA,Blewett Brewing Company,ChIJLV_LfIxNmlQRm4jLZSpqsVw,0,4.5,248,47.5952218,-120.6598334
Leavenworth,WA,Louie's Cafe,ChIJD6DumYxNmlQRGcf-va23x3c,2,0,0,47.5947132,-120.6614395
Leavenworth,WA,La Javelina,ChIJl2Gjpr5NmlQRN_iYPAyXCrc,0,5,18,47.5924487,-120.6676388
Grove,WV,Valley Diner,ChIJ6Vx4tr4OSogRSJAoeqMx6Rg,0,4.3,89,39.5621338,-80.6856232
Wildomar,CA,7-Eleven,ChIJQ9RFYzuD3IARKd2DE-VJdck,0,3.4,13,33.5977986,-117.2398284
Wildomar,CA,Los Jilbertos Taco Shop Wildomar,ChIJAan35TiD3IAR8P_F4f_WDeE,1,4.4,390,33.5971783,-117.2411099
Wildomar,CA,Teakwoods Bar Vs. Grill,ChIJwc834DiD3IARg0wXyqxxPmA,2,4.1,170,33.5972345,-117.2411499
Wildomar,CA,Old Market Grill,ChIJswxg5ziD3IARDLQkALYok30,1,4.5,421,33.5971016,-117.2415941
Wildomar,CA,WaBa Grill,ChIJvURE0DiD3IAR-7l42C-M-S0,1,4.2,168,33.5962866,-117.2417095
Wildomar,CA,Subway,ChIJz_hilziD3IARVtvdK9m1zkE,1,3.8,61,33.5961481,-117.2417845
Wildomar,CA,McDonald's,ChIJ1XLTvTiD3IARZwWkYlCrK4k,1,3.5,1120,33.5967189,-117.2431326
Wildomar,CA,Los Reyes Bar & Grill,ChIJHyJ7BT-D3IARmAavKOaZsrk,2,4.4,599,33.5937086,-117.2418555
Wildomar,CA,Panda Express,ChIJEXYVFD-D3IAR6YIUjLK-Bf8,1,3.6,193,33.5940919,-117.2423185
Wildomar,CA,Starbucks,ChIJLw5tTD-D3IAR9TsObyju2Xg,2,4.4,232,33.595198,-117.242925
Wildomar,CA,Denny's,ChIJA-XGmTiD3IARyYiOx4qj210,1,4.2,750,33.5945774,-117.2427182
Wildomar,CA,Pawelczyk,ChIJKSuFRZeD3IARO867CJ0kZxs,0,0,0,33.594415,-117.2451029
Wildomar,CA,Dunkin',ChIJ2x25y0CD3IARd4jZ4Lk80Bs,1,4.2,232,33.5946591,-117.2455266
Wildomar,CA,The Habit Burger Grill (Drive-Thru),ChIJ96XvlkCD3IAR1n-3WfFDqdk,1,4.4,616,33.5934032,-117.2450832
Wildomar,CA,Sushi KA,ChIJuw5IYkCD3IARpEITyqavBUw,2,4.5,166,33.5938228,-117.2454742
Wildomar,CA,Wingstop,ChIJJWGLO4KD3IARM5FVDXAGltg,2,4.6,39,33.5945677,-117.2458871
Wildomar,CA,Jack in the Box,ChIJl3XxJEeD3IARjUMEDudHXI0,1,3.9,360,33.5956789,-117.2464706
Wildomar,CA,Jersey Mike's Subs,ChIJJ8V5KkeD3IARwa8cwFXWgsw,1,4.5,66,33.5944621,-117.2459907
Wildomar,CA,Angelo's Brick Oven Pizzeria,ChIJuw5IYkCD3IARZDfLiCD0rlc,2,4.7,504,33.5938756,-117.2457204
Wildomar,CA,Sake Sushi,ChIJbbIg_kaD3IARLpUyhp2zruo,2,4.7,218,33.5965092,-117.2468039
Centre,MN,Saukinac Campground and Saukinac Bar & Grill,ChIJP-Zp3eXqtVIRWQrOI3H-xVg,1,4.2,54,45.822723,-94.916193
Centre,MN,Diamond Point Steakhouse,ChIJA5g-tt3qtVIR_Ix0fDgqmg8,0,4.2,105,45.8162345,-94.9181823
Prairie,MN,Rohde's Midway Bar & Grille,ChIJ_4LNPfvDtVIRU_QG85XkDhk,0,4.8,75,45.8887672,-94.8881683
Dighton,KS,Pete’s Place,ChIJx3YuALijoIcRJKqE80jd9Xs,0,4.4,35,38.4755133,-100.4662568
Dighton,KS,The Brother's Bar&Grill Restaurant,ChIJs7DfwbejoIcRAgOSa50CuLQ,0,4.6,57,38.4823831,-100.4745795
Maysville,KY,Pandamoneum at the brewery,ChIJTcpH-K1bQYgRdFJxADjKpJs,0,5,3,38.6206015,-83.8079991
Maysville,KY,Subway,ChIJdcHBzgBbQYgR154MUzGAfJY,1,4.2,71,38.6322812,-83.7984099
Maysville,KY,Little Caesars Pizza,ChIJj8DBzgBbQYgRl80hHnxIB5A,1,3.8,160,38.6322645,-83.7981845
Maysville,KY,Mi Camino Real,ChIJ2aDBzgBbQYgRouqbAJn_0yU,2,4.4,542,38.6319446,-83.7982144
Maysville,KY,Wendy's,ChIJT-zrzgBbQYgRj_y0OxFa9uI,1,3.8,508,38.6318941,-83.7964194
Maysville,KY,Hardee's,ChIJ-_5OcjxbQYgRdmqRsr1Dzd8,1,4.1,554,38.6313427,-83.7955577
Maysville,KY,The Barrel House,ChIJnzL05lJbQYgR1HKAMWzks90,0,5,3,38.6256408,-83.7976684
Maysville,KY,Cafe Cream,ChIJOxgy56tbQYgRsoMRShtJNZU,0,4.6,209,38.611057,-83.8098577
Maysville,KY,Sno Biz,ChIJo8gTA2dbQYgRHPnvCHwEfP8,0,0,0,38.6111328,-83.8096303
Maysville,KY,Pizza Hut,ChIJTS6N0-daQYgRE9LiyaWB-X4,1,3.6,220,38.6332889,-83.7931038
Maysville,KY,Tumbleweed Tex Mex Grill & Margarita Bar,ChIJ60a_V-5aQYgRblr2PPzkff0,2,4.3,731,38.6299311,-83.7944689
Maysville,KY,Lee's Famous Recipe Chicken,ChIJHSIq2cZbQYgRqhhUE3ERid8,1,4.3,266,38.6335643,-83.7927714
Maysville,KY,Arby's,ChIJsQD2zgBbQYgR5rjtLOS3ztQ,1,4.1,292,38.635851,-83.791233
Maysville,KY,Burger King,ChIJ60a_V-5aQYgRFa8tBUORbUI,1,3.8,337,38.6282975,-83.7924993
Maysville,KY,Fazoli's,ChIJqal3Be9aQYgRY6z424JeYcU,1,4.2,167,38.6277948,-83.7922277
Maysville,KY,Frisch's Big Boy,ChIJ60a_V-5aQYgR4Sj6HRR-CbI,1,4.1,731,38.6273399,-83.791582
Maysville,KY,Big Boy,ChIJq6r6_-5aQYgRIQHp9fXiGbQ,1,4.7,14,38.6273505,-83.7915601
Maysville,KY,Long John Silver's,ChIJx5Cn7N9aQYgR1pDdokDPJ-M,1,4.2,206,38.637059,-83.7873079
Woodlake,CA,Tacos y Tortas Las 3 Hermanas,ChIJm8E_Ngk5lYARfClfZqaCz5g,0,5,3,36.4467587,-119.1343545
Westmorland,CA,Subway,ChIJTRU2nDRX14ARkSuKlin7n70,1,4.3,6,33.0380586,-115.6293723
Westmorland,CA,Godfather's Pizza Express,ChIJf5l1VbhX14ARc0GpCtOlCho,2,4,5,33.03802,-115.629058
Westmorland,CA,Little Caesars Pizza,ChIJHfdQLUxX14ARz-i_OQoI7Bw,1,3.2,6,33.036811,-115.624875
Westmorland,CA,Shell,ChIJ3b-JjlxW14ARDmaNyMBeyGw,2,4.1,74,33.0371141,-115.6248833
Westmorland,CA,El Sol Market,ChIJvZUtG1xW14AR4vxhNfe5Y8E,0,4.4,302,33.0369444,-115.6222222
Westmorland,CA,Circle K,ChIJRSGeAlxW14ARM8F72AjA2BI,1,3.8,13,33.0376103,-115.6212173
Nickelsville,VA,Pizza Plus,ChIJyZ1tYR69WogRcbkuWcG6j-I,1,4.2,54,36.7491618,-82.422033
Shelburne,NH,Town and Country Inn and Resort in the White Mountains of New Hampshire,ChIJPar3HO3ts0wR2JFYZFxWyaQ,0,4.2,703,44.3846993,-71.1585805
Linton,IN,Country Harvest Smorgasboard,ChIJNyPbTdO9bYgR38pZ_KYtwI4,2,4.2,260,39.0492198,-87.1824548
Linton,IN,The Golden Star,ChIJranMsCq_bYgR_WEWlbQD8o8,0,4.6,40,39.0365436,-87.1823404
Linton,IN,Josie's Cafe & Bakery,ChIJZwVrpCO_bYgRg9fbE6LcS0I,0,5,3,39.035413,-87.16602
Linton,IN,The Grill Inc,ChIJ0Sh0Rp6-bYgRwFcSCL23A2U,1,4.4,321,39.035159,-87.165466
Linton,IN,Jo Etta's Pizza Villa,ChIJB5-3FDu8bYgRKfq0OvAoxMI,2,4.5,242,39.0341615,-87.1735163
Linton,IN,Subway,ChIJAWWxlJ--bYgRmFb7CZHQIJ8,1,4.2,183,39.0352582,-87.1634673
Linton,IN,Wendy's,ChIJz5ttI6C-bYgRbaxVBS3oRh0,1,3.5,416,39.0353455,-87.1616469
Linton,IN,Sportsmans Pub,ChIJyzKiZp6-bYgRjtQR0UDOBWQ,2,4.7,195,39.0345573,-87.1662673
Linton,IN,#1 Asian Buffet Mongolian Grill,ChIJATfnvJ--bYgR06pxxrmdPsc,1,4.1,269,39.034847,-87.163658
Linton,IN,Monical's Pizza of Linton,ChIJU69xHQG8bYgRLLtF2stK0H4,2,4.3,208,39.0396426,-87.1447738
Linton,IN,La Fiesta Mexican,ChIJzz5q5gC8bYgR0PnpKAD8Qr8,2,4.4,400,39.0393863,-87.1447944
Linton,IN,China Sea Restaurant,ChIJzz5q5gC8bYgR_ini6xGBCfU,1,3.9,128,39.0392062,-87.1447716
Linton,IN,The Vault bar and grill,ChIJWfRfLa-_bYgRoBLWh-fcntg,0,4.1,38,39.033419,-87.165801
Linton,IN,McDonald's,ChIJQa8U8ii6bYgRUd4UMT7h75E,1,3.8,704,39.038236,-87.146083
Linton,IN,Long John Silver's,ChIJzz5q5gC8bYgR-siySf9rUj0,1,3.6,239,39.0380808,-87.1450891
Linton,IN,Arby's,ChIJzz5q5gC8bYgRxBjN1aKYtB8,1,4.1,385,39.0385372,-87.1439023
Linton,IN,Taco Bell,ChIJC66N8QG8bYgR5-hADtjUmh8,1,3.5,502,39.0372426,-87.1467063
Linton,IN,Goosepond Pizza,ChIJt6PPbQK8bYgRro-z8Z1pQso,2,4.6,158,39.0383645,-87.1363771
Linton,IN,Burger King,ChIJCbKPeim6bYgRkNzH5bE1ZkE,1,3.7,291,39.0380259,-87.1320695
Lewisport,KY,JJ's Pizza,ChIJixHNyw8Ab4gRix4O_7fNzd0,0,4.4,99,37.9264848,-86.8893739
Lewisport,KY,Shell,ChIJ6ZJmY9oBb4gR0N6BC0ggbQ8,2,3,2,37.923099,-86.895586
Lewisport,KY,Subway,ChIJB1xdY9oBb4gRtuxcK75LiUY,1,3.9,67,37.9227946,-86.8957813
Grandview,IN,Fat Daddy's,ChIJ3U9JwLirb4gRikyyk-IKP6s,0,4.9,15,37.9345076,-86.9807506
Grandview,IN,Fritz's Place,ChIJE9wD-iWrb4gRuCqsLVELHdQ,0,4.2,10,37.9329606,-86.9807042
Simsboro,LA,Rogers Family Ventures,ChIJn1pIhoXHMYYR4WxgMZ8EGvU,0,3,2,32.5407193,-92.7771561
Ruston,LA,Woodshed,ChIJkXkFR3vGMYYRcxULswmdMig,0,3,2,32.5465569,-92.7075214
Grambling,LA,J & J Express,ChIJa5bNRvnHMYYRPnItHOsrl-I,0,4.2,23,32.5376806,-92.7158961
Grambling,LA,Mixx Enterprise LLC,ChIJPR1nEWnGMYYRovx_lC18eX0,0,0,0,32.538168,-92.7149413
