City,Lat,Lng,State,Place_ID,Price_range,Rating,Ratings_count
City,40.7347912,-73.936311,Queens,ChIJRZMiSjNZwokRKfjCfa3n4YI,0,4.5,4
York,40.735345,-73.9356295,NY,ChIJSeLnzcxewokRH8fkKiz6tcY,2,4.1,43
York,40.7356919,-73.9347422,NY,ChIJ7VhT3sxewokRpnmXD6ZTiVQ,2,4.7,331
City,40.7356677,-73.9391278,Queens,ChIJrQFyY2BZwokRIDuajFswByU,0,5,5
Brooklyn,40.727975,-73.942218,NY,ChIJ34NUiUlZwokRkf2-QODrZi0,1,4.4,231
Brooklyn,40.7278843,-73.9421954,NY,ChIJkaM2iUlZwokRZ_UQop5HrcE,1,4.1,42
York,40.7367647,-73.932188,NY,ChIJQd79l81ewokRlZCSFT_PgSI,1,3.8,133
Brooklyn,40.7259768,-73.9418488,NY,ChIJNXR730tZwokRsOHZsUU3rd4,1,4.3,280
York,40.725929,-73.9427719,NY,ChIJIbfFaUlZwokR7QeqHwSoJYY,1,4.2,121
York,40.7236043,-73.9405058,NY,ChIJKdbNGW5ZwokRSAk2NMdG8Rk,0,5,4
York,40.7375139,-73.9296028,NY,ChIJsYtkAs5ewokRXfkvdXSwTJ8,2,3.9,470
York,40.7387074,-73.9343568,NY,ChIJ77qMmNJewokREzQ-5yVb1hs,1,3.8,156
York,40.7379639,-73.9294324,NY,ChIJYRhE-9FewokRplKQ25_qBew,2,4.4,75
York,40.7371201,-73.9272218,NY,ChIJq6oGKS1fwokRzRAue4DzFgA,0,0,0
York,40.7231824,-73.9423553,NY,ChIJ3Sbcm05ZwokR152naDwPq-0,2,4.4,266
York,40.7216637,-73.9383013,NY,ChIJsZF1_UxZwokRm8tdshtAe1M,1,3.9,88
York,40.7220662,-73.9404479,NY,ChIJP6V-M0xZwokRTBwFXivdlEE,1,3.6,1662
Brooklyn,40.7223589,-73.9412863,NY,ChIJ26P8lMtZwokRj5CHMBnHtDs,0,4.5,121
York,40.725349,-73.9456547,NY,ChIJjRx1zkhZwokRUlwKKZkbTLQ,2,3.9,163
Brooklyn,40.7255406,-73.945977,NY,ChIJbT88yUhZwokRK2VqXoC7hgk,0,4.5,31
Luxora,35.7552638,-89.9283009,AR,ChIJyzCXGIVXf4gRpZ0mJvbOf8I,1,4.8,47
Osceola,35.7026919,-89.9698442,AR,ChIJQ6h01FBYf4gR5m07R6Oe_68,1,4.1,108
Osceola,35.697845,-89.9737334,AR,ChIJL5KCb1hYf4gRp_PxGqTLKsU,0,4,43
Osceola,35.6985605,-89.9824913,AR,ChIJtZUpJdlZf4gRhDSiMiOxs7w,1,3.7,46
Osceola,35.6976729,-89.9819667,AR,ChIJ7cSnGmBYf4gRFi1wPnT2VsM,0,5,2
Osceola,35.6982139,-89.9855901,AR,ChIJh4mY6WFYf4gRu-JE3nl3sD4,2,4.3,66
Osceola,35.6970889,-89.9833965,AR,ChIJsUcp8F9Yf4gR2GuHJjX0yME,1,3.3,109
Osceola,35.6970854,-89.9834077,AR,ChIJGUcp8F9Yf4gRCr8RvS_Doc0,1,3.3,159
Prairie,46.122825,-95.5098028,MN,ChIJiarIGvv2yVIRUevFO6R9uZQ,0,4.5,137
Vining,46.122739,-95.5119862,MN,ChIJo4Y4yvX3yVIRnrFF1whrv9U,0,0,0
Onekama,44.3611414,-86.1946116,MI,ChIJZy_3w2l-HogRUG1tKuYBTV0,0,4.5,210
Onekama,44.3621884,-86.1993908,MI,ChIJjXKiqEN-HogRi6TFApksSRM,1,4.4,306
Onekama,44.3661216,-86.2102519,MI,ChIJmVKM7BF_HogRXS7CTfuB14E,0,0,0
Onekama,44.3661216,-86.2102519,MI,ChIJO5W1O1J-HogRbq53qsymhoc,3,4.8,230
Lake,44.382361,-86.1556112,MI,ChIJP_T5ITh8HogRRGWHyeuXudk,2,4.4,210
Manistee,44.303216,-86.1827431,MI,ChIJ4Zgc2NCAHogRBRgoOtLF6Js,0,4,2
Pinola,31.7962531,-89.9874615,MS,ChIJUW-OzRaogogR_wC_S86KSQw,2,4.7,201
Brooksville,38.695509,-84.0697545,KY,ChIJY_O3VaZvQYgRQLl5iYaBQRQ,0,4.5,22
Brooksville,38.6855906,-84.0681721,KY,ChIJT4_Rn5xvQYgRVJfhtPUKWcQ,1,4.3,90
Brooksville,38.6825213,-84.064963,KY,ChIJARpqZZtvQYgRX24SLqINIP0,1,3.8,94
Prentice,45.5480615,-90.3131009,WI,ChIJpxcGdvH1qlIRa5f8ujJvtiw,0,4.5,6
Prentice,45.5480615,-90.3131009,WI,ChIJz9q2Lc_0qlIR0qUAmtgvV-c,0,4.2,70
Prentice,45.5484539,-90.3129712,WI,ChIJ1-D6PCn1qlIRo3nUviz3gdE,0,2,2
Prentice,45.5647113,-90.2901252,WI,ChIJiygZmiuLqlIR8Xx655SJWDw,0,5,11
Minerve,46.2552189,-74.9357736,QC,ChIJfc3NB1OSz0wRk0HoA36GxJI,0,4.3,59
Daphne,30.603879,-87.834192,AL,ChIJg3EjwoppmogRt2fCIA55P2Y,0,3.9,7
Daphne,30.6007854,-87.8517334,AL,ChIJzaM3sQFqmogRsUxC4eBjhrU,0,4.5,91
Daphne,30.6029047,-87.8525172,AL,ChIJnURpcf9pmogRercUPyfyASU,2,4.6,1268
Daphne,30.6014393,-87.8520745,AL,ChIJ4UL_zgFqmogRaEgo5NB8s00,0,4.6,14
Daphne,30.5946871,-87.8527331,AL,ChIJk82gzc1rmogR57QFY1O1UZk,0,4.4,9
Daphne,30.5962111,-87.8535807,AL,ChIJ12ndNQdqmogRGzKbTNb8e88,0,4.6,41
Loxley,30.6173386,-87.7537148,AL,ChIJJ0wt4ZZumogRJ6VZNqfZ0o0,1,4,115
Loxley,30.6145409,-87.7533501,AL,ChIJXQuNIZRumogRWERlTHTh8vE,2,4.3,139
Loxley,30.6161908,-87.7533478,AL,ChIJs9ZdL5RumogRiEjaY1AawGI,1,4.5,727
Loxley,30.6180952,-87.7527674,AL,ChIJvRbMWRJvmogRzK5xn_uoKbs,1,5,2
Loxley,30.6194134,-87.7527188,AL,ChIJC1AwQJRumogRJlhRkuTdeu0,0,5,2
Loxley,30.6326289,-87.7552743,AL,ChIJI4aNajpumogRJoOC70oeRkI,1,4.4,740
Loxley,30.6468439,-87.7612004,AL,ChIJHRdfa5RumogRn9Ah2w2nATo,1,2.9,952
Loxley,30.6480023,-87.7612607,AL,ChIJz4DfNetumogRnVOHElAPWzc,1,3.4,291
Loxley,30.6486598,-87.7612743,AL,ChIJxxq7xt5umogRpwZeji9OeNU,1,3.5,703
Loxley,30.647888,-87.759702,AL,ChIJqcD-GShvmogRlY6tjN30NuI,1,4.2,689
Daphne,30.6563223,-87.85152,AL,ChIJRXmr4ChomogRfuLC2KDIhrs,2,2.8,22
Daphne,30.656954,-87.8514161,AL,ChIJPfbMX6JDmogRvOhUL6qNFgo,1,3.6,129
Daphne,30.6406308,-87.8671544,AL,ChIJ9yU9-GRCmogRo4hFFrHZfI4,2,4.2,34
Daphne,30.657339,-87.851498,AL,ChIJ7VJ-_NdDmogRUZMEsFdgEOk,2,4.2,471
Sioux,41.7998844,-96.0594296,IA,ChIJJzerb31KkocRrAPWEOy-R24,0,4.3,12
Zeeland,42.828796,-86.016825,MI,ChIJ4yAGA3yTGYgRJiA1QQ9cNxg,1,4.6,198
Zeeland,42.8284624,-86.0163889,MI,ChIJ4yAGA3yTGYgRLT-xXtMSM2U,2,4,129
Zeeland,42.8283316,-86.0162345,MI,ChIJ4yAGA3yTGYgRtGcL0E5fgLk,1,4.5,182
Zeeland,42.8816606,-86.020716,MI,ChIJ-30oOlCRGYgRK-wAb9W6d7Y,2,4.9,104
Zeeland,42.81435,-86.020847,MI,ChIJYauVYV2TGYgRC8xMiIL8pHI,1,3.9,74
Zeeland,42.8143689,-86.0204635,MI,ChIJYauVYV2TGYgR8ly14DiY_FU,2,4.5,842
Zeeland,42.813007,-86.019226,MI,ChIJaWwAu12TGYgRtg3XD0WqLck,1,4.3,180
Zeeland,42.8128746,-86.0311313,MI,ChIJl1x_Q0CTGYgRe-BvP7N_nqI,1,4.3,863
Zeeland,42.812534,-86.0321066,MI,ChIJyQ1kfECTGYgRmQiOkFiTG-w,1,4.7,628
Zeeland,42.8127539,-86.0341766,MI,ChIJI5VGjE6TGYgR5TcWp_S3Yhc,2,4.4,133
Zeeland,42.812557,-86.016037,MI,ChIJr-eJTSaTGYgRniYayyBmk84,0,4.7,135
Zeeland,42.8124524,-86.0152752,MI,ChIJI5yJT16TGYgRmFYIlqxn5V4,2,4.4,336
Zeeland,42.8122195,-86.0156921,MI,ChIJcemeKKKTGYgRI2HQmjfgjHQ,0,0,0
Zeeland,42.8121216,-86.0157285,MI,ChIJE_lcJuuLW0ARlp--EFnnO44,2,4.4,384
Zeeland,42.8125517,-86.0125136,MI,ChIJjQTQ8l-TGYgRcEiFGCVrUIY,1,3.9,173
Zeeland,42.8121188,-86.0150839,MI,ChIJv2gWUV6TGYgRnOx8-4X9If8,1,4.5,400
Zeeland,42.812088,-86.014679,MI,ChIJZVXOrF-TGYgRnmS1fw58Ljo,2,4.5,623
Zeeland,42.8125496,-86.0086899,MI,ChIJIcMGx6GUGYgRvaqZtnvYDvA,1,4.3,203
Zeeland,42.8107189,-86.0389445,MI,ChIJ-2mLcjyTGYgR4LfHA49Rl10,1,3.3,232
Zeeland,42.8103451,-86.0402131,MI,ChIJBYSzgTuTGYgRDfYQ5s0ezjk,1,4.7,431
Ensenada,31.7774199,-116.6175906,California,ChIJXzl8fSWQ2IARHQP2FR0v8XQ,0,4.3,80
Ensenada,31.777235,-116.6166687,California,ChIJzcQqhyWQ2IAR3cgvOFmmhpw,0,4.6,1331
Ensenada,31.7825834,-116.619291,California,ChIJIyENQDOR2IARwsCTglAiyg4,0,4.8,6
Ensenada,31.78223,-116.60776,California,ChIJPRsdGaaP2IARQ_EF9wrFhcA,0,0,0
Ensenada,31.7822818,-116.6067753,California,ChIJlyd3yteP2IAR4V5_lQzt_xM,0,4.3,29
Ensenada,31.7805329,-116.6039571,California,ChIJOxgxyn2P2IARDokDfDPs7tw,0,4.7,52
Ensenada,31.7815496,-116.6042713,California,ChIJTT_4EteP2IARM4KF_pC1Me8,1,4.5,160
Ensenada,31.7816761,-116.6043366,California,ChIJ8YgFXRyP2IARu-oNfZ9IiWY,0,0,0
Ensenada,31.7816918,-116.6043105,California,ChIJBR0vbdeP2IARnLLV1ARg8bw,0,4.3,34
Ensenada,31.7816789,-116.6042958,California,ChIJ5T9cNbyP2IARNEi8jcsodPU,0,4.2,5
Ensenada,31.7811393,-116.6038088,California,ChIJr7nT5j6P2IARmM_rElXWFhw,0,5,4
Ensenada,31.7817882,-116.6043399,California,ChIJi-04ePaP2IARX1RgXR_srRI,0,0,0
Ensenada,31.7816764,-116.6041868,California,ChIJmyl9ZqKP2IARTlKeqm26J8I,0,0,0
Ensenada,31.7821694,-116.6044275,California,ChIJP7jPEdeP2IARLv2zLWj_Sxw,1,4.5,458
Ensenada,31.7825931,-116.6046082,California,ChIJ0R_tBNeP2IAR9gCncA2DjXo,1,4.5,65
Ensenada,31.7826709,-116.603965,California,ChIJ-9FbX-KP2IARSt2hJpdgbKg,0,3.6,5
Ensenada,31.7824708,-116.6024297,California,ChIJM5CMAryP2IARdjABajKm-z0,0,0,0
Ensenada,31.7810783,-116.6006981,California,ChIJtVgsdNqP2IARiY7kwRj_wBw,1,4.4,64
Ensenada,31.7811488,-116.6003744,California,ChIJqensFD-P2IARTm14MQ1cvl8,0,2,1
Springport,42.3930918,-84.7931993,MI,ChIJ6UiahYpSPYgRZAWaKY78la8,0,4.7,42
Liberty,34.6945958,-82.6793812,SC,ChIJV-GaybFDWIgRm341b4xuubc,0,4.6,127
Central,34.7081398,-82.7594283,SC,ChIJk58v2OtcWIgRYiDHA2aXEn4,1,4.3,508
Central,34.7077778,-82.7613889,SC,ChIJmzKfX-lcWIgRzTL-AhrcuTk,0,4.7,118
Central,34.7077848,-82.7614688,SC,ChIJmzKfX-lcWIgRYbgJ4IZOdlY,1,3.9,113
Central,34.7075868,-82.7617019,SC,ChIJ23BrsO5cWIgRVGPaDHtGhr0,1,4.5,496
Central,34.7072527,-82.7621413,SC,ChIJSRUhsu5cWIgRKsz_6di7Pa8,2,4.6,166
Pendleton,34.6641674,-82.7671583,SC,ChIJxRDD_HFdWIgRbSYX2q43s9M,1,4.5,275
Central,34.727459,-82.7609861,SC,ChIJ87Pwd5lcWIgR9RqPRNcAbF0,1,4.5,39
Clemson,34.6848118,-82.7856764,SC,ChIJUS5k_q5dWIgRXoBvVeZauN8,0,4.9,42
Clemson,34.6853372,-82.7861103,SC,ChIJ9RPwVq5dWIgReNthF6bCiso,2,4.4,505
Clemson,34.6850401,-82.7863892,SC,ChIJpUFiU65dWIgRgy4s6U_Lke8,0,4.5,318
Clemson,34.6846581,-82.7870423,SC,ChIJ83VbNWReWIgRyqKou5yxg6A,2,4.5,714
Central,34.725424,-82.774289,SC,ChIJnTkcAnZdWIgRSljB8sAaEbI,0,4.8,55
Central,34.6999956,-82.7916083,SC,ChIJYwn0pMRdWIgRgUaY4H36dkc,0,4.8,48
Central,34.7239894,-82.7807684,SC,ChIJeeAwHGNcWIgR58qjm5czpiM,2,4.3,270
Pendleton,34.649645,-82.7782128,SC,ChIJ-X9kvZpdWIgRtn5qSI0w-jM,0,0,0
Central,34.7239608,-82.78196,SC,ChIJ-ThHbWNcWIgR05TZAwql3A4,1,4.2,336
Central,34.7193955,-82.7857322,SC,ChIJ4b8L4WddWIgRGUGmA6dSC84,0,4.9,38
Central,34.719165,-82.786184,SC,ChIJzzJb_mdcWIgR2QdXm1O0VKE,1,4.3,206
Central,34.7234014,-82.7829456,SC,ChIJe06jTL9dWIgRCiTYZDdcpRE,0,4.7,22
Corinth,43.2460411,-73.8190467,NY,ChIJx6GA8rXK34kRRxE2NEZIQFI,0,4.7,83
Hadley,43.3041992,-73.8345947,NY,ChIJbVwWtFzE34kRPpMEijaxH-s,0,4.6,195
Luzerne,43.309704,-73.8342287,NY,ChIJuSg6ag_K34kRFQ1zOASPMpA,0,4.4,59
Corinth,43.247096,-73.833237,NY,ChIJ9f7YVazK34kRbRtPAWbVz-Y,2,4.5,247
Corinth,43.2463078,-73.8326594,NY,ChIJq6pjBK3K34kRZxRgdy_2DDA,0,4.8,43
Corinth,43.2479046,-73.8344304,NY,ChIJyZahQazK34kR2oNEFOcD51w,1,4,50
Corinth,43.2446015,-73.8312835,NY,ChIJo5r-SK3K34kRYpXL0lZp-aA,0,3.2,98
Corinth,43.244583,-73.83135,NY,ChIJo5r-SK3K34kRsgGW30JMJts,1,4.8,5
Corinth,43.246384,-73.83368,NY,ChIJ-Ua6-6zK34kRVtJ-2YUuA6I,1,4.3,7
Corinth,43.247409,-73.834855,NY,ChIJzwa8ZqzK34kRO91AtqIpfGI,0,4.8,5
Corinth,43.2463667,-73.833923,NY,ChIJx6v58KzK34kRvfEYPpqcc_E,2,4.3,64
Luzerne,43.3110741,-73.8344399,NY,ChIJW35wjQXK34kRPpB--JeXlPA,2,4.7,125
Luzerne,43.311925,-73.8341907,NY,ChIJJzs7pQHK34kRlf63kZhx2Vc,0,4.1,54
Luzerne,43.313103,-73.83464,NY,ChIJMWdLgxrK34kRfcdMRLtt_t8,2,4.9,7
Corinth,43.2470223,-73.8382995,NY,ChIJT_gxxRrL34kR7-58mAyrtzU,0,5,3
Queensbury,43.2953971,-73.6996216,NY,ChIJfTLBWNPN34kRYr1nawJMGmA,0,4.3,145
Queensbury,43.2954944,-73.6991339,NY,ChIJp_ffJtXN34kRjMw-mHwHt4U,1,4.4,224
Luzerne,43.3186809,-73.84158,NY,ChIJpZdjfADK34kREfBQjkTweZM,2,4.6,263
Hadley,43.3173043,-73.8481202,NY,ChIJBckqB_y134kR0iVkY4Cc8XQ,1,4.6,153
Mondovi,44.4768652,-91.7262688,WI,ChIJBzRY2tfv-IcRyUu_OI2_E74,0,4.8,13
Mondovi,44.4694442,-91.6771621,WI,ChIJ2VZ_Sq3k-IcROAkqCVIIhkg,0,4.4,23
Mondovi,44.4700474,-91.6765429,WI,ChIJ34HJwFL7-IcRMdEAkeNBtAM,1,4.7,81
Charles,41.9163976,-88.3179146,IL,ChIJYz92Pq4CD4gRKhgFvIo8y84,2,4.7,150
Charles,41.9163899,-88.3178706,IL,ChIJwWpDPq4CD4gR00mPhaF0V4A,1,4.3,167
Charles,41.9163004,-88.3163002,IL,ChIJxYx5M64CD4gR7ZvZO_V0YJs,2,4.3,441
Charles,41.9145412,-88.3165849,IL,ChIJpXztvuYDD4gRwVGs3CIBvWs,0,4.7,11
Charles,41.9145254,-88.3168857,IL,ChIJ5wJZ-64CD4gRgG0GFBTyPPs,2,4.5,480
Charles,41.9150551,-88.3220999,IL,ChIJCYxuHXoDD4gR2iLVdBwLFtY,0,0,0
Charles,41.9138889,-88.3166667,IL,ChIJAVLt4a4CD4gRoTP9r6Abdpw,2,3.4,238
Charles,41.9138345,-88.3172873,IL,ChIJzWgyrEkDD4gRnLk2NVWsxmM,0,4.7,19
Charles,41.914102,-88.312391,IL,ChIJiX2quqUCD4gRibXiTYdeG9g,2,4.4,429
Charles,41.9141158,-88.3122992,IL,ChIJKz7fr6UCD4gRwCBG4sWX2GY,0,4.5,201
Charles,41.9136621,-88.3178049,IL,ChIJZ-rG6q4CD4gRthBayi56j2M,0,4.3,6
Charles,41.91366,-88.317803,IL,ChIJH4646q4CD4gRw74_oYxngd4,0,5,1
Charles,41.913627,-88.317783,IL,ChIJEdvG6q4CD4gRuY1Cfhpxnk0,2,4.5,284
Charles,41.9135989,-88.3162167,IL,ChIJXyKZGK8CD4gRa-dOrgXyfuw,2,4.1,807
Charles,41.9135624,-88.3159015,IL,ChIJy2OfPa8CD4gRyD_wMWtKaks,2,4.7,218
Charles,41.9140558,-88.3119967,IL,ChIJhV0VsqUCD4gRCx21J42aNhw,2,4.2,246
Charles,41.9136111,-88.3147222,IL,ChIJb67AZ68CD4gR4An7eoPX0Og,0,4.4,106
Charles,41.9134819,-88.3170216,IL,ChIJC-gx3K4CD4gRdihO2jMKjRM,2,4.1,550
Charles,41.9134483,-88.3160534,IL,ChIJ2xPOJh0DD4gRUPSBq9KoVzI,0,4.8,68
Charles,41.913376,-88.316434,IL,ChIJ-1nuIK8CD4gR89C99jpm2lc,2,4.3,179
Colton,45.2036857,-122.3780136,OR,ChIJ8WZssGzVv1QR722OKzYDc98,0,4.5,76
Geneva,28.7160618,-81.0354191,FL,ChIJZfQwcQ9H54gRn0eeSRbfOD8,1,4.5,556
Cuauhtemoc,28.5035558,-106.911295,Chihuahua,ChIJ3SWoBx7IwYYRJP12jNCMsM8,2,4.8,346
Cuauhtemoc,28.5104906,-106.9116703,Chihuahua,ChIJb_MmYb_JwYYRuFsU73sHCE4,0,4.7,444
Cuauhtemoc,28.4937402,-106.9088008,Chihuahua,ChIJ5Zinis3JwYYRG1lcTZuxVfI,0,5,7
Cuauhtemoc,28.4878379,-106.9111801,Chihuahua,ChIJb2NQalzKwYYRA2IatbWVUCA,2,4.5,963
Cuauhtemoc,28.5170684,-106.9125762,Chihuahua,ChIJ12C3Vv23wYYRH9_2S8SUTBQ,2,4.4,254
Cuauhtemoc,28.4846644,-106.9110338,Chihuahua,ChIJgzP_3V7JwYYRYHpdhEpq0Mo,0,4.5,20
Cuauhtemoc,28.480435,-106.9121817,Chihuahua,ChIJzyj_m9HJwYYRU887pTIp0FU,0,0,0
Cuauhtemoc,28.4785346,-106.9114532,Chihuahua,ChIJMRRY-9XJwYYRxGPrdJAcN0U,2,4.6,970
Cuauhtemoc,28.4694389,-106.9288885,Chihuahua,ChIJs1fQpjC2wYYRRuDyog6GYIY,2,4.4,125
Cuauhtemoc,28.5276113,-106.9127722,Chihuahua,ChIJ_-pYvCe3wYYR-riex-qjRfg,0,5,7
Cuauhtemoc,28.473671,-106.9115229,Chihuahua,ChIJhalWD2K3wYYRPibq-a0bff8,0,4.7,255
Cuauhtemoc,28.4691191,-106.9124072,Chihuahua,ChIJ0bi2hye2wYYRJXY3OYYeLGU,0,4.5,24
Cuauhtemoc,28.4679023,-106.9124487,Chihuahua,ChIJbZFfBAa3wYYRyvPA9tMFw4g,0,4.6,5
Cuauhtemoc,28.4678501,-106.9122783,Chihuahua,ChIJdeQiuA63wYYRGSopUCDtRA0,0,5,3
Booneville,41.523519,-93.886196,IA,ChIJuzqI1WwY7IcRx-_2jlqo91s,1,4.5,265
Annapolis,37.3600913,-90.6982944,MO,ChIJH5CXMcDW2YcRbfhfdloVWoE,0,5,9
Arc,37.2829071,-90.6369917,MO,ChIJXR5hEDR-14cRSgHVqxJtbrA,1,4.6,83
Warren,40.6831381,-85.4268705,IN,ChIJ9Z7NmmilFYgRDevRDD-MPlw,2,4.6,179
Warren,40.682795,-85.426562,IN,ChIJAW9Ql2ilFYgRaQ13h2dSa1s,1,4.6,101
Warren,40.6818514,-85.4268711,IN,ChIJ2ai-qGilFYgR9_EWC8j3LnU,1,4.4,331
Warren,40.7129247,-85.4355988,IN,ChIJs1R_fvC7FYgRVOHXIU6j1MI,0,4.7,117
Warren,40.7220265,-85.4381603,IN,ChIJc3vN-QmwFYgRM1CkPygJV0c,0,4.4,37
Warren,40.722029,-85.4381047,IN,ChIJeSSl9gmwFYgRSjtqdXhlTG0,0,3.6,158
Warren,40.7220691,-85.4378572,IN,ChIJAWgS9wmwFYgRA_QbQhEAIC8,2,3.3,3
Warren,40.7220206,-85.4365806,IN,ChIJXTwsqqm6FYgRU7m-A4BH4vU,1,4.4,978
Warren,40.7225904,-85.4371591,IN,ChIJKUM2qaC6FYgRZyLFx4umpns,1,3.5,39
Warren,40.7230511,-85.4370455,IN,ChIJaS_iqKC6FYgRD7qKi5eCYQI,1,3.2,943
Chokoloskee,25.81529,-81.359579,FL,ChIJ82KGtj1d2ogRZTofROWD8cY,2,4.5,613
City,25.8569878,-81.3840614,FL,ChIJMZNpJ4Nd2ogRIMjooEbMnt4,0,4.8,34
City,25.8585987,-81.3831136,FL,ChIJMXah4-Rd2ogRXuXKEJ-XEhU,0,4.9,25
City,25.8586331,-81.3832771,FL,ChIJgWPzX-9d2ogRqLLdOSHox8w,0,4.9,14
City,25.8609417,-81.3831917,FL,ChIJNfn0GYpc2ogRBG1wlvRq-TU,1,4.3,692
City,25.8585739,-81.3866653,FL,ChIJs2ByF15c2ogRW7xqDBTLbL4,0,4.2,359
City,25.8662396,-81.3829368,FL,ChIJ_____2Bc2ogRzB1SBHiW_F8,1,3.9,23
City,25.8665922,-81.3849092,FL,ChIJjdlpp2Jc2ogR3hr3xeZfnZ8,2,4.2,737
City,25.8662331,-81.3858343,FL,ChIJhV_27WJc2ogRRxZysdjniyQ,2,4.4,810
City,25.8663013,-81.3858712,FL,ChIJD_isvPRd2ogRkJ-kqFIQXo4,0,0,0
Richland,44.769401,-117.17034,OR,ChIJd0C6qINSpFQRsd2RX3Q29e8,1,4.6,46
Richland,44.7689819,-117.1695556,OR,ChIJDaKDBoNSpFQRsd2FlquaoGI,0,4.6,104
Burkeville,30.9902247,-93.7173553,TX,ChIJEzqIJ44pOoYR5ttKUDL9Z9o,0,0,0
Newton,30.9493161,-93.6308752,TX,ChIJ9Yts7I8uOoYRgbOmC4pQ1C8,0,0,0
Goshen,41.8523808,-73.2542359,CT,ChIJGewKbM-b54kRtWcq2_bpJXo,0,0,0
Goshen,41.8340872,-73.2212291,CT,ChIJS2jFflGb54kRUGN1Ho3vZOk,0,0,0
Goshen,41.833901,-73.2209996,CT,ChIJ36HvuKOb54kRMWP7j4LOuiY,1,4.4,59
Goshen,41.83453,-73.2199864,CT,ChIJUT7euKOb54kR2Uchqll0XMs,2,4,1
Goshen,41.8367794,-73.2112582,CT,ChIJUbJhIQ-b54kRgWjrypFYJNQ,2,4.2,553
Cornwall,41.870756,-73.360797,Cornwall,ChIJ-StswQWE54kRONkWcgYBn3w,0,4.7,23
Fairfield,41.1804639,-73.2466837,CT,ChIJAeDCHfcP6IkRMunTKAs8bco,0,4.7,93
Fairfield,41.180698,-73.247587,CT,ChIJt02yMb8P6IkRjVMkplHHUtk,2,4.2,111
Fairfield,41.180877,-73.2478546,CT,ChIJ5VJEPr8P6IkRbRPnnpmQJpA,1,4,125
Fairfield,41.1809687,-73.2480755,CT,ChIJf5vXQEAP6IkRLXk35JynBHo,2,4.3,106
Fairfield,41.1780462,-73.2409741,CT,ChIJR7PZAMgP6IkRY0nCXg9qtKc,1,4.4,875
Fairfield,41.1797935,-73.2471224,CT,ChIJA00htbgP6IkRSAGYg8hbp7c,1,3.5,346
Fairfield,41.178121,-73.2384037,CT,ChIJk7fXNrYP6IkRo1fuiC2nFKE,0,4.3,203
Fairfield,41.1780154,-73.2430513,CT,ChIJvQyDi8cP6IkR0JEnB2-_qLc,0,4.1,78
Fairfield,41.1779463,-73.2429196,CT,ChIJg4Ji88cP6IkRwTISwvnoUes,1,4.3,159
Fairfield,41.1811551,-73.2490776,CT,ChIJmYTADr8P6IkRq2Q4Dk2YA-g,1,4.1,85
Fairfield,41.1798726,-73.2478871,CT,ChIJ2YXBRb8P6IkRokuLZw6dr6M,2,4.6,426
Fairfield,41.1798726,-73.2478871,CT,ChIJ3UiNN78P6IkRGAWwXZavFnE,0,5,3
Fairfield,41.1775,-73.2413889,CT,ChIJi9Axw7cP6IkRYRa1ASPah-c,0,4.3,145
Fairfield,41.1802869,-73.2329073,CT,ChIJvywnWkkP6IkRtsMShWEb43w,0,0,0
Fairfield,41.1813805,-73.2501395,CT,ChIJUVbZ3WYP6IkR0ubHDgD9TDo,2,4.3,267
Fairfield,41.1816049,-73.250788,CT,ChIJJ6gHsb8P6IkRaRkwESFUY8A,0,4.3,277
Fairfield,41.1816155,-73.2508429,CT,ChIJScw7t78P6IkRwrVK8QiPkGU,1,4.5,245
Fairfield,41.1816677,-73.2509599,CT,ChIJ70Q8t78P6IkR2AxoltVRsX8,0,3.4,69
Fairfield,41.1818451,-73.2512358,CT,ChIJHThWKcoP6IkRdJbrInMny0w,1,5,2
Fairfield,41.1808165,-73.2510298,CT,ChIJLbdEpb8P6IkRl_zPXkibbBI,2,4.4,71
Parkin,35.265693,-90.555756,AR,ChIJvTi00q-r1YcR3RlU2vS26Oo,0,4.6,54
Parkin,35.2671968,-90.5545418,AR,ChIJ3Ws9K8mr1YcRBj-9U3QlEi4,0,4,2
Parkin,35.2722778,-90.5544281,AR,ChIJK8ZhNLur1YcRBANoN0uMqGI,0,4.1,11
Scottsboro,34.6414771,-86.0497917,AL,ChIJe5XodLjvYYgRD5-fCm2kFL0,1,3.8,15
Scottsboro,34.6416369,-86.0501079,AL,ChIJF5DnQJvvYYgRub-1eYDhhEE,1,3.5,216
Scottsboro,34.6313341,-86.0480861,AL,ChIJf8E6vAfvYYgRX1eLvprv4Kg,1,3.5,242
Scottsboro,34.6310694,-86.048457,AL,ChIJa_uXiXnvYYgRQ1mzlMpic5U,1,4,496
Scottsboro,34.6295708,-86.050002,AL,ChIJVc3eIXnvYYgROkqaSGYijpM,1,4.1,318
Scottsboro,34.6343736,-86.0435123,AL,ChIJN1j76WjlYYgRIGU5kNw1un4,1,3.9,586
Scottsboro,34.6290157,-86.0489639,AL,ChIJL1BxU47vYYgRaku1OOjBYBI,2,4.5,176
Scottsboro,34.6283117,-86.0515416,AL,ChIJbU5t6XjvYYgR97k5ulsvKBk,2,4.6,169
Scottsboro,34.6252225,-86.0508891,AL,ChIJN1j76WjlYYgRtl4OldCJjUQ,2,4.3,232
Scottsboro,34.641778,-86.039737,AL,ChIJi574EnrvYYgRwLpBQMtxTp8,1,4.5,795
Scottsboro,34.6463735,-86.0337746,AL,ChIJA1DGPj7vYYgRAbsRFkLFIks,1,3.8,842
Scottsboro,34.646558,-86.0329815,AL,ChIJ71rGPj7vYYgRCG5Sdc4gGgY,2,4.3,395
Scottsboro,34.6466021,-86.0328684,AL,ChIJ57hMIT7vYYgRISNoMIWZgos,2,4.3,494
Scottsboro,34.6503138,-86.0356897,AL,ChIJaUb8lBbvYYgR5TOyr_AuxjA,2,4.4,275
Scottsboro,34.6505304,-86.0357592,AL,ChIJId0Nf9_vYYgRyVsmQxDSQQ0,0,5,1
Scottsboro,34.6485681,-86.0335583,AL,ChIJ6aktbBbvYYgRQtW9979Myi4,1,3.8,861
Scottsboro,34.6470375,-86.0308685,AL,ChIJp9cUQqYEIBURYLvpeCudxY4,1,4.5,1249
Scottsboro,34.6476041,-86.0312084,AL,ChIJ6S_YPj7vYYgRgPCWDlT_KnQ,1,4,659
Scottsboro,34.6517497,-86.0351543,AL,ChIJyxfYfp_rYYgR7aFbV38iepk,0,4.9,54
Scottsboro,34.6483781,-86.030729,AL,ChIJo6GCCT7vYYgR924V0SlhcFE,1,3.6,1331
Polo,41.9862389,-89.5763882,IL,ChIJP89mc8VNCIgRStJSAZP8b3s,2,4.6,169
Polo,41.9789433,-89.5788105,IL,ChIJB5pZm9RNCIgRy8T6KhGjFnI,0,4.3,4
Polo,41.9859868,-89.5771169,IL,ChIJPxf4ecVNCIgRzPN1K5HWk5o,0,4.3,30
Polo,41.9799164,-89.5793633,IL,ChIJe3crZshNCIgRN1jiMutU7MA,1,4.2,73
Polo,41.9863657,-89.5774084,IL,ChIJ50lFesVNCIgRBEk9GMqRThg,1,4.8,135
Polo,41.984898,-89.5786767,IL,ChIJASRWb89NCIgR1ot6_bpardo,2,4.1,20
Polo,41.9863888,-89.5785273,IL,ChIJWQK5OtlNCIgRR139PhOA1t4,0,4.7,16
Polo,41.9929193,-89.5781368,IL,ChIJPQOsotBNCIgRw19nx6N2rKU,1,4.4,29
Oregon,41.9937311,-89.4646464,IL,ChIJOW1VSwNUCIgRnT90x7OuVxg,0,5,5
Morris,41.9937588,-89.4645704,IL,ChIJK5GrNTb5CIgR_KKd458-chA,2,4.5,454
Newport,41.9853911,-83.2333788,Berlin,ChIJidIhu1YVO4gRSSnerQLRiyA,0,5,4
Rockwood,42.0402784,-83.2158095,Berlin,ChIJk9yszNk_O4gR_SUU9yaY-3s,1,4.5,93
Township,42.0530526,-83.2118634,MI,ChIJx-VczMs_O4gRioKKoGH-s7A,1,4.4,775
Rockwood,42.0529975,-83.2116317,MI,ChIJwRlgzMs_O4gReaLiri18taI,0,4.5,30
Newport,42.0014466,-83.308507,Berlin,ChIJ69xoS7NrO4gRJ8I-cza9WaA,1,3.6,45
Newport,42.0015944,-83.3085911,Berlin,ChIJtd1oS7NrO4gRpRoCcw5drRk,0,3.9,39
Rockwood,42.0620576,-83.2556055,Berlin,ChIJfZ8MhpRBO4gRDmgpd5Am__8,0,5,2
Rockwood,42.0625,-83.2547222,Berlin,ChIJU5eCinNAO4gRCRN5R2-D0nw,1,4.5,536
Newport,42.0072892,-83.3169195,Berlin,ChIJ33-C1TVqO4gR3U8rgP7tKnI,1,3.5,350
Newport,42.0070604,-83.3180603,Berlin,ChIJx6uvJjRqO4gR8khoIFMIlkE,1,4,184
Rockwood,42.068176,-83.2370035,MI,ChIJAwqm0hE0O4gR-7f0ceAS03w,0,4.2,5
Rockwood,42.06809,-83.24867,MI,ChIJ1dKF0Ic_O4gRf2N9uO_E3JA,1,4.3,110
Rockwood,42.0681825,-83.2485692,MI,ChIJyYswaXhAO4gRHb5HawxiegY,1,4.1,48
Rockwood,42.0686148,-83.2504846,MI,ChIJU0KP9Yc_O4gRB9Jlz0Gf_kQ,1,4,202
Rockwood,42.0687381,-83.2507414,MI,ChIJZYlhD3hAO4gRfqrBvPEZI50,0,4.6,244
Rockwood,42.068762,-83.2508726,MI,ChIJdRXCcNVBO4gRyCUBBs7kE3U,0,0,0
Rockwood,42.0689906,-83.2518135,MI,ChIJp8Wra3hAO4gRCcbmCfC0XQU,1,2.4,16
Rockwood,42.0692242,-83.2504235,MI,ChIJAf9584c_O4gRQNT8sLwr_Zc,1,4,148
Rockwood,42.06742,-83.210439,MI,ChIJ4fcOqq0_O4gRamq7F71Ru-A,2,4.6,525
Rockwood,42.0709924,-83.2544303,MI,ChIJs9wRKJlBO4gRZ8BljThsk6I,1,4.5,298
Angie,30.9620109,-89.8117733,LA,ChIJS1S0weF2nYgRNZvwunNVt1c,0,3.8,23
Rolla,37.9373302,-91.7541566,MO,ChIJcVtwjJ1U2ocRtsAhx_DArLs,2,4.5,769
Rolla,37.9323429,-91.7788155,MO,ChIJ9QQJ9PFU2ocRvMGHMmdMqJI,1,4.1,918
Rolla,37.9353109,-91.7772703,MO,ChIJkZwk0O1U2ocRz38MNy-vo5s,1,3.9,675
Rolla,37.9357629,-91.7781023,MO,ChIJo0JB28BU2ocRkY0HM-McK4E,0,4.6,682
Rolla,37.9360022,-91.7781684,MO,ChIJ2Qc40O1U2ocRRgHe_1fTaZc,2,4.4,485
Rolla,37.9394783,-91.776895,MO,ChIJ8yESk-tU2ocRqBkrrZ60s-4,2,4.2,1106
Rolla,37.9420471,-91.7724609,MO,ChIJY0RJoYFV2ocRcvLSTNrIUqo,0,4.5,71
Rolla,37.9394519,-91.7798896,MO,ChIJq20Set1U2ocRRn1GO6JyJao,1,3.7,371
Rolla,37.942664,-91.772043,MO,ChIJOSARSX1V2ocRpC2DWt1wlUk,1,3.8,79
Rolla,37.941752,-91.7767767,MO,ChIJFWa4PupU2ocR10gO1f55Sp4,1,4.6,59
Rolla,37.9443471,-91.7770296,MO,ChIJKRgd58FU2ocRJ6DEHwJoGCA,0,4.5,291
Rolla,37.9482264,-91.7669261,MO,ChIJe5RearxU2ocRFdSEFIaxPKc,0,4.5,166
Rolla,37.9512789,-91.7527796,MO,ChIJfyOguFhT2ocR0CF19T68sHo,1,4.2,151
Rolla,37.9517085,-91.7525641,MO,ChIJybTj8lhT2ocRqHk983SrZks,0,4.8,38
Rolla,37.9462408,-91.7783757,MO,ChIJuaBXK8JU2ocRB2IYreIa5w4,1,4.3,628
Rolla,37.9461392,-91.7787834,MO,ChIJh1EeSsJU2ocRljKhXmrUq5c,1,4.1,869
Rolla,37.9459272,-91.7794741,MO,ChIJN4cZSMJU2ocRHmCtyWNlIBM,2,4.6,281
Rolla,37.946095,-91.7791522,MO,ChIJK_1JScJU2ocRBdDXdyTmFFY,1,3.5,464
Rolla,37.94584,-91.779854,MO,ChIJ7QnLTsJU2ocRQE_l77cT9K0,1,4.2,403
Rolla,37.9444758,-91.7842297,MO,ChIJ7XriDexU2ocRc4aZuw8q_30,1,3.8,99
Mecca,33.5403244,-115.9399026,CA,ChIJMQi1nglv2oARFDbbGwBx6cs,0,5,3
Winston,33.3384384,-107.6807845,NM,ChIJFbKK4J1134YRzxbH6Yela5I,0,4.5,8
Mitchell,43.3779106,-81.2692337,ON,ChIJKcz4W97PLogRgE42DEEuVCk,0,4.8,16
Falls,44.4256198,-91.2112202,WI,ChIJY8GrWosz-YcRLM-kI1OWKuw,1,4.5,97
Falls,44.4261439,-91.2102076,WI,ChIJw0B4Sdcq_4cR07pkUi4bVn8,1,4.6,96
Taylor,44.3221623,-91.1234524,WI,ChIJBT1uy7PW_ocRRcQ9nGLYqS0,0,4.6,93
Newhope,34.2351894,-93.8458596,AR,ChIJsSZqXLulNIYR-tMKQaoop60,0,4,4
Newhope,34.2301368,-93.8801269,AR,ChIJQ9LGERylNIYRB2vdVmMotGE,0,4.7,34
Newhope,34.240761,-93.8336634,AR,ChIJW0sFq9ylNIYRQrewlK6uQ2o,0,4.8,6
Monts,45.595412,-75.616797,QC,ChIJ9fQCa4ogzkwRQVQihX5Dnww,0,4,94
Monts,45.5951165,-75.6167031,QC,ChIJ9fQCa4ogzkwR4b0IRhpDwJo,1,4,217
Monts,45.593832,-75.616584,QC,ChIJ9fQCa4ogzkwRQnj-JmfWqso,1,3.8,79
Monts,45.592308,-75.662007,QC,ChIJo6t-DkkfzkwRf7HuIt8GT7I,0,4.3,6
Monts,45.5781165,-75.6335657,QC,ChIJSy3uY-8YzkwRHTKix_OVUR4,0,4,145
Monts,45.5722114,-75.6199675,QC,ChIJ3Rxho_gYzkwRuXUxHhxqAdg,0,4.2,101
Monts,45.5717204,-75.6200793,QC,ChIJm6GHsRAizkwR7jf6GWy-gRE,0,4.3,124
Loraine,48.867484,-101.5692791,ND,ChIJHyxT1pys31IRCDP20CGI2mU,2,4.9,102
Drummond,46.6676614,-113.146937,MT,ChIJl9ANYOxfXFMRdFDxvH8l0Ig,1,4.8,444
Iberia,29.9860186,-91.8522577,LA,ChIJI3vO3Bh5I4YRxXn0hjh92pQ,0,4.6,58
Iberia,29.9850095,-91.8527332,LA,ChIJK76KckB4I4YR-KXsFyx4GPo,1,4,374
Iberia,29.9858083,-91.8558175,LA,ChIJWRzUX3B5I4YRv7VzC93xVxQ,0,0,0
Iberia,29.9858083,-91.8558175,LA,ChIJHdPhFYmCI4YRRkTIb2wPa20,2,3.6,725
Iberia,29.9860024,-91.8571945,LA,ChIJCfhRlRB4I4YRRF9vAj79m4Q,1,3.9,458
Iberia,29.9846809,-91.8566583,LA,ChIJ64w1UEd4I4YRlU6alOkK1zQ,0,4,3
Iberia,29.9846807,-91.8566594,LA,ChIJr1bFUUd4I4YRTtfx7iUl2WE,1,3.9,20
Iberia,29.9861946,-91.8406295,LA,ChIJ9-5t5nJ4I4YR9GLULtdUwY8,0,4.6,38
Iberia,30.0015194,-91.8410928,LA,ChIJM9AOV3t4I4YRRD-lgQ7nqns,1,4.5,223
Iberia,30.0005755,-91.8394723,LA,ChIJHSU1MrR5I4YRngF-yfERb6I,0,0,0
Iberia,29.9923401,-91.8359861,LA,ChIJXbfCH895I4YRv8KpQ3Hx58k,0,5,1
Iberia,29.9923401,-91.8359861,LA,ChIJHdPhFYmCI4YRTyMOwZizSdg,0,4.6,111
Iberia,29.9885207,-91.8368072,LA,ChIJ-VXLjV15I4YRPAbfeprsgj8,0,0,0
Iberia,29.9927778,-91.835,LA,ChIJ__SV5HZ4I4YRnCyGunoZHo0,1,4.4,168
Iberia,29.9884283,-91.8356527,LA,ChIJue-mVTV5I4YRSNM0lW0jlsk,0,5,1
Iberia,29.9913288,-91.8348526,LA,ChIJvyL5Dgh5I4YRPjzhHTGiZwQ,0,0,0
Iberia,29.988878,-91.8351077,LA,ChIJaS_gEfF5I4YRHPUUY82xErk,0,5,2
Iberia,29.9902809,-91.8342898,LA,ChIJQeRV1HV4I4YRHBg5db6FO7A,2,4.5,148
Iberia,29.990289,-91.8327507,LA,ChIJu1VndHZ4I4YR7YtOcXQDUNU,1,3.9,765
Iberia,29.9912148,-91.8324909,LA,ChIJYdWREHZ4I4YRs4gefg_dkrw,0,0,0
Kermit,31.8523292,-103.0676215,TX,ChIJ7esaHw8a-4YRkgLDBKF7P50,0,0,0
Kermit,31.8523013,-103.0676422,TX,ChIJyx94s-gZ-4YRgJxOoxfHdQM,1,4.3,57
Kermit,31.8524694,-103.0682511,TX,ChIJ-1A7yOcb-4YRGgSUyMM387k,1,0,0
Kermit,31.8529205,-103.070755,TX,ChIJmbjIj2Ub-4YRL3iuDGWDjyc,0,4,9
Kermit,31.85293,-103.0708923,TX,ChIJX0dBiz4b-4YRME4ASyxj40c,1,3.7,12
Kermit,31.8508295,-103.0747173,TX,ChIJfe-Y4Q8b-4YRpA4-pZ2tiP8,0,4.8,37
Kermit,31.8497684,-103.0773206,TX,ChIJhReDmBMb-4YR9PFY9sy6YXs,0,5,2
Kermit,31.8351599,-103.0824314,TX,ChIJNb35_z4Z-4YRyXXBDQ1CV9M,0,0,0
Kermit,31.8501839,-103.0803592,TX,ChIJu2qbtfkZ-4YR4SBRhsRT2YE,0,3.7,387
Kermit,31.8479642,-103.0858664,TX,ChIJVXXfRvgZ-4YRX83bsBPXqxA,1,3.2,360
Kermit,31.8480245,-103.0873715,TX,ChIJ9SciyPkZ-4YRGmci5mw3ja8,0,4.1,17
Kermit,31.8466492,-103.0881042,TX,ChIJN5SthPoZ-4YR0bsfpDtLzV4,0,4.3,102
Kermit,31.8474943,-103.0880293,TX,ChIJRTW3wPkZ-4YRJItPel3h_wY,1,3.5,751
Kermit,31.84695,-103.0894382,TX,ChIJi_W2E0UZ-4YR5CFsBWgDGKk,0,4.3,41
Kermit,31.8469216,-103.0900854,TX,ChIJHa3jfPoZ-4YRHf_1-mlxiVU,1,3.1,102
Kermit,31.8465086,-103.0912389,TX,ChIJ2Q8MffoZ-4YRoO0KyC0dbG0,1,3.7,282
Kermit,31.8461111,-103.0930556,TX,ChIJjY1jafgZ-4YRNIdzzSwIg14,2,3.6,335
Kermit,31.8457645,-103.0941094,TX,ChIJeTCluD8Z-4YRejSIj6V-dpM,0,5,2
Kermit,31.8546068,-103.0917636,TX,ChIJCfpQI_0Z-4YRv0cdq7fNBoY,1,3,551
Kermit,31.8589221,-103.0901876,TX,ChIJZ-D3SlYX-4YRjxTJeuaAX48,0,3.4,96
Meridian,32.343346,-88.7981466,MS,ChIJBZs_YqR_g4gRNLN-pzrU68Q,1,1,2
Meridian,32.3431103,-88.7982524,MS,ChIJX3RS7DF_g4gRdidKNTj5bpE,1,4.3,12
Meridian,32.383036,-88.7493,MS,ChIJW5zETU1-hIgRPD8ZyYgugz8,1,4,348
Meridian,32.3843,-88.7493722,MS,ChIJNW4zq1J-hIgRaeSCieZqb0s,1,4.6,331
Meridian,32.3827157,-88.748836,MS,ChIJ7_c_vZt_hIgRnAjmof5Zyjo,0,0,0
Meridian,32.3816333,-88.7481098,MS,ChIJ180N5Ex-hIgRuprFjmcnkDo,1,3.8,488
Meridian,32.379426,-88.7474688,MS,ChIJM9gXlEx-hIgRFyH53aAoEMk,1,4.2,243
Meridian,32.3810003,-88.746842,MS,ChIJrTYSqk1-hIgRCfSj1WyPk5A,0,4.5,85
Meridian,32.3763498,-88.743985,MS,ChIJIzkeb0l-hIgRQkUgZHi1_5g,1,4.4,59
Meridian,32.3762673,-88.7439176,MS,ChIJIzkeb0l-hIgRckc5gFh6ItM,2,4.5,352
Meridian,32.3759676,-88.7436896,MS,ChIJM9u8c0l-hIgRrN7NvNarDuU,1,0,0
Meridian,32.3601274,-88.7404351,MS,ChIJhbrNQat_hIgRq3EFkPrw_Z0,0,0,0
Meridian,32.3609389,-88.7396917,MS,ChIJy0zt_y9-hIgRaEQR6FbFv_c,3,4.7,282
Clarksville,39.210487,-76.93536,MD,ChIJq6qqqt7Yt4kR4s1Ks2vWMuA,2,4.1,162
Clarksville,39.210772,-76.9352741,MD,ChIJ2SEvY9vYt4kRCHKRISuuhH8,1,3.8,41
Clarksville,39.211342,-76.9349395,MD,ChIJS2bzXdvYt4kRvVyYdOA1fNw,2,4.3,330
Clarksville,39.2101806,-76.9373436,MD,ChIJobYb-NzYt4kRoyXF0UkNsLM,1,3.8,433
Clarksville,39.2147489,-76.9335004,MD,ChIJ0-6T127Zt4kRP1dpdlFw1lg,0,0,0
Clarksville,39.2132575,-76.936597,MD,ChIJjQian8TYt4kRnMyMa_U1pe0,1,3.8,60
Clarksville,39.2127532,-76.9371414,MD,ChIJE7FnytzYt4kRX7nnlltDpu8,1,4,155
Clarksville,39.2129202,-76.9371067,MD,ChIJg_bjydzYt4kR69l-wwaZNzo,2,4.4,575
Clarksville,39.2118252,-76.9381206,MD,ChIJTdnpNN3Yt4kRtOiiY3_d3KU,1,3.8,339
Clarksville,39.211035,-76.9388656,MD,ChIJ6QHABN3Yt4kRTB8D5sTEQlg,2,4.5,296
Clarksville,39.2110036,-76.9389642,MD,ChIJ-UJ4UvLZt4kRB8UAlesgxaw,0,4.2,13
Clarksville,39.2110036,-76.9389642,MD,ChIJ7a57ZwrZt4kRl_k3xCqIu9k,0,4.3,40
Clarksville,39.2110036,-76.9389642,MD,ChIJPcNHVKPZt4kR5iyaXYU40cs,0,4.9,108
Clarksville,39.2110036,-76.9389642,MD,ChIJW5k6GpLZt4kRVwXdijCX2Oc,0,4.4,122
Clarksville,39.2110298,-76.9389513,MD,ChIJmbwsIJ3Zt4kRZSIBgEaW76Q,0,4.7,128
Clarksville,39.2112123,-76.9389356,MD,ChIJVVUlBd3Yt4kRXo-82MzdYKY,0,4.8,40
Clarksville,39.2112073,-76.9389964,MD,ChIJSderImfZt4kRmmCgOjVlW8E,0,4.9,32
Clarksville,39.2113631,-76.9389071,MD,ChIJO6gQO4XZt4kRr_7t3oLsZ0o,0,4.9,35
Clarksville,39.2112249,-76.9390576,MD,ChIJz1QdTq3Zt4kRzTDDhufzPto,0,4.8,83
Clarksville,39.2122065,-76.9384738,MD,ChIJW6_e09zYt4kRXMb7JtiIhJ8,2,4.3,232
Faulkton,45.0342504,-99.1411762,SD,ChIJHZCn4ohl01IRb_Fo15gycdI,2,4.2,55
Faulkton,45.034657,-99.1343288,SD,ChIJidsJqWNv01IR3zCKiOmdS3I,0,4.3,102
Faulkton,45.0344598,-99.1238783,SD,ChIJMUfsdoFv01IRn9yY-PNkLMw,0,5,1
Bushnell,40.5521062,-90.5084878,IL,ChIJB0LXh19R4IcRqR9Xztk3Rp8,0,4.6,130
Bushnell,40.5491308,-90.5043241,IL,ChIJkfB6D2FR4IcRiJRy7d-oYxs,1,4.3,65
Bushnell,40.5464218,-90.5045903,IL,ChIJsw6H2GZR4IcRjhIwwb19qZk,1,4.7,332
Bushnell,40.5458326,-90.5047247,IL,ChIJj9CtH2dR4IcRp1fF4MH8gYQ,1,3.5,182
Bushnell,40.5451402,-90.5039359,IL,ChIJdWZb411R4IcRROmrz5raPH8,1,3.7,203
Saucillo,28.024248,-105.2993923,Chihuahua,ChIJ_Twq7cRF64YR301jebDq5uA,0,3.7,6
Saucillo,28.022642,-105.2929644,Chihuahua,ChIJzZt9JsFF64YRw1mFm1znYkc,0,3.7,6
Saucillo,28.023113,-105.293678,Chihuahua,ChIJ7_g9MsFF64YRqwhqiY49uA8,0,4.3,55
Saucillo,28.0234012,-105.3194427,Chihuahua,ChIJ-_8uw3BG64YR34ShVzahHzo,0,4.3,76
Saucillo,28.0234398,-105.3195339,Chihuahua,ChIJt5zL13BG64YRrHAEFyHLRdM,0,4.5,2
Saucillo,28.023809,-105.3200185,Chihuahua,ChIJyZea23BG64YRHyh8jRbsswQ,0,4.9,7
Saucillo,28.0234169,-105.2903855,Chihuahua,ChIJ_-CBrcBF64YRlz4OKpOuOIg,0,4.4,110
Saucillo,28.0260935,-105.3161314,Chihuahua,ChIJLfHuh6RH64YRuDGIO2Lt5bk,0,0,0
Saucillo,28.0289635,-105.2984485,Chihuahua,ChIJ4VNSf89F64YRKPMararik90,0,5,4
Saucillo,28.0287204,-105.2973966,Chihuahua,ChIJ6zQdYs9F64YRVILRTpUAunM,0,4.5,19
Saucillo,28.0256049,-105.2891,Chihuahua,ChIJyd_ibzJF64YRJ1UPRzbL5aM,0,0,0
Saucillo,28.0287726,-105.2968254,Chihuahua,ChIJr2QWEYdF64YREhg5cocFP-8,0,0,0
Saucillo,28.0270484,-105.2916476,Chihuahua,ChIJw4HX8cdF64YREDC2kOW4EOk,2,4.3,134
Saucillo,28.0286877,-105.2957769,Chihuahua,ChIJX7y4aH5F64YRjUwd_qZlxPM,0,0,0
Saucillo,28.0284441,-105.2933731,Chihuahua,ChIJM2X_ETtF64YRYnfwe8JiguI,0,0,0
Saucillo,28.0282996,-105.2929781,Chihuahua,ChIJ0-jZM8ZF64YR1QUlDYciYy8,0,4.3,3
Saucillo,28.0284649,-105.2931739,Chihuahua,ChIJ06sF3xlF64YREaTUt6VH9Is,0,5,2
Saucillo,28.025374,-105.285627,Chihuahua,ChIJy6YC0Y9F64YRy4K7QGIVqhk,0,5,3
Saucillo,28.0297667,-105.2895422,Chihuahua,ChIJ7Ts7pZ5F64YReUsbtg4l47k,0,5,2
Saucillo,28.0330375,-105.2998221,Chihuahua,ChIJBUO8a85F64YR1vUEV5NQi9s,0,4.6,29
Jonesville,31.6259498,-91.8187484,LA,ChIJceA-1_d_L4YRTtHE54MnYzo,1,4,318
Jonesville,31.626297,-91.818911,LA,ChIJe9Ao_rV_L4YRy8L3_t1WxYE,0,4.8,9
Jonesville,31.6266299,-91.8196616,LA,ChIJrZrKgeV_L4YR-1WBuI-Hb7U,2,4,2
Jonesville,31.6283311,-91.8210851,LA,ChIJnXtak-9_L4YR9DmHBW9ONZo,0,4.1,68
Jonesville,31.6210165,-91.821094,LA,ChIJZyqUXuN_L4YRxVHoKmaRfVc,0,4.6,77
Jonesville,31.6288874,-91.8233759,LA,ChIJb1hHJ_B_L4YRnP872W8fUcE,0,4.4,42
Jonesville,31.6292851,-91.8265046,LA,ChIJudfFJfB_L4YRCLGEgbH3VRY,2,4,104
Jonesville,31.6292781,-91.82975,LA,ChIJAT_DIPd_L4YRnpmb5_E2YBE,2,4.5,327
Jonesville,31.6286876,-91.8325978,LA,ChIJjak2tvd_L4YR7HzquIsmT2o,1,4.4,137
Jonesville,31.6281901,-91.8395323,LA,ChIJW2OG4BqAL4YR9wef7sRH97A,0,4.8,4
Maria,34.918082,-120.5164346,CA,ChIJraQzqNpr7IARd5x2eh6nF4o,0,5,3
Guadalupe,34.957729,-120.5783331,CA,ChIJE5v_u9ND7IARrv9LPfB1wQ4,1,4.8,50
Guadalupe,34.9582184,-120.5779594,CA,ChIJX4T_u9ND7IAR0mMJguLck4s,1,4.8,171
Guadalupe,34.9607321,-120.5743554,CA,ChIJy47HztJD7IARRzm4L9IOJUw,1,4.3,113
Guadalupe,34.964571,-120.5740625,CA,ChIJZ7jqLM1D7IARl05wJUkIGZ4,0,0,0
Guadalupe,34.968252,-120.574104,CA,ChIJlboKBhZD7IARbkjeX1lHzkQ,0,4.6,114
Guadalupe,34.968787,-120.5740218,CA,ChIJ38RGNctD7IARCW63w6ykARo,2,4.5,172
Guadalupe,34.9693884,-120.5734249,CA,ChIJadtVlkxD7IARm84-fIz4KzE,0,4.6,58
Guadalupe,34.9695099,-120.5733493,CA,ChIJo-1txDRC7IARFbiXSBChz58,0,4.3,73
Guadalupe,34.9694542,-120.5739956,CA,ChIJl8kQLctD7IARz-f8Mbj4O4g,1,4.6,178
Guadalupe,34.9696148,-120.5737515,CA,ChIJMwU60jRC7IARRynuFt7HPaA,0,1,1
Guadalupe,34.9696258,-120.573756,CA,ChIJlYGm0zRC7IARztUCfYPvFRo,0,4.7,74
Guadalupe,34.9697251,-120.5737149,CA,ChIJAyVrzzRC7IARmg62kwLrMiY,0,4.6,53
Guadalupe,34.9701661,-120.5735645,CA,ChIJNwchKjVC7IARm2N4nICxnLk,1,4.6,44
Guadalupe,34.9703044,-120.5729794,CA,ChIJAZB5JzVC7IARkSTDfgFg94w,1,4.6,153
Guadalupe,34.9705411,-120.5726717,CA,ChIJUamtITVC7IAR5y08sGsA0zQ,0,4.6,145
Guadalupe,34.970959,-120.5725817,CA,ChIJ50nsCaRD7IARi5KzZL5Cg7o,0,4,39
Orcutt,34.8816047,-120.4974957,CA,ChIJ8eMyM-oV7IARKy8FboPoTxg,0,4.8,5
